ID,is_correct
0,True
1,False
2,True
3,True
4,False
5,True
6,True
7,False
8,True
9,False
10,True
11,False
12,False
13,True
14,True
15,True
16,False
17,True
18,False
19,False
20,True
21,True
22,True
23,False
24,False
25,True
26,False
27,True
28,True
29,True
30,True
31,True
32,True
33,True
34,False
35,True
36,False
37,True
38,True
39,False
40,False
41,True
42,False
43,True
44,False
45,False
46,False
47,True
48,False
49,False
50,True
51,True
52,False
53,True
54,False
55,False
56,True
57,True
58,False
59,False
60,True
61,False
62,True
63,False
64,True
65,True
66,False
67,False
68,True
69,True
70,False
71,True
72,True
73,False
74,False
75,False
76,False
77,False
78,False
79,True
80,True
81,True
82,True
83,True
84,True
85,False
86,True
87,False
88,True
89,False
90,True
91,True
92,False
93,False
94,True
95,True
96,True
97,True
98,True
99,True
100,True
101,True
102,True
103,True
104,False
105,True
106,True
107,True
108,False
109,False
110,True
111,True
112,False
113,False
114,True
115,True
116,True
117,False
118,False
119,False
120,True
121,False
122,False
123,True
124,False
125,False
126,False
127,False
128,False
129,True
130,False
131,True
132,True
133,True
134,True
135,True
136,True
137,False
138,False
139,False
140,True
141,False
142,True
143,False
144,True
145,True
146,True
147,True
148,True
149,False
150,False
151,True
152,False
153,False
154,True
155,True
156,True
157,False
158,False
159,False
160,True
161,True
162,True
163,True
164,False
165,False
166,False
167,True
168,False
169,False
170,False
171,True
172,False
173,False
174,True
175,False
176,False
177,False
178,False
179,False
180,True
181,False
182,False
183,True
184,False
185,True
186,True
187,False
188,True
189,False
190,False
191,False
192,True
193,True
194,False
195,True
196,False
197,True
198,False
199,True
200,True
201,False
202,False
203,False
204,True
205,True
206,False
207,True
208,True
209,False
210,False
211,True
212,True
213,True
214,True
215,False
216,False
217,False
218,False
219,True
220,True
221,True
222,False
223,True
224,False
225,False
226,True
227,False
228,True
229,False
230,False
231,False
232,False
233,False
234,False
235,True
236,False
237,False
238,False
239,False
240,False
241,False
242,False
243,True
244,True
245,True
246,False
247,True
248,False
249,False
250,True
251,False
252,True
253,True
254,False
255,False
256,False
257,False
258,False
259,True
260,True
261,True
262,True
263,False
264,True
265,False
266,False
267,False
268,True
269,False
270,True
271,False
272,False
273,False
274,False
275,False
276,False
277,True
278,False
279,False
280,True
281,False
282,True
283,True
284,True
285,True
286,False
287,True
288,True
289,False
290,False
291,False
292,True
293,True
294,False
295,False
296,True
297,False
298,True
299,True
300,False
301,False
302,True
303,True
304,True
305,True
306,False
307,True
308,False
309,True
310,False
311,True
312,True
313,True
314,False
315,True
316,True
317,True
318,True
319,True
320,False
321,True
322,False
323,False
324,True
325,True
326,False
327,True
328,True
329,True
330,False
331,False
332,False
333,False
334,True
335,True
336,True
337,False
338,True
339,True
340,True
341,True
342,False
343,False
344,True
345,True
346,False
347,False
348,False
349,False
350,False
351,False
352,False
353,True
354,True
355,False
356,True
357,True
358,True
359,True
360,False
361,False
362,True
363,True
364,False
365,False
366,False
367,True
368,False
369,False
370,True
371,True
372,True
373,False
374,True
375,False
376,False
377,True
378,False
379,True
380,False
381,False
382,False
383,True
384,False
385,False
386,False
387,True
388,True
389,True
390,True
391,False
392,False
393,True
394,False
395,False
396,False
397,False
398,False
399,True
400,False
401,True
402,False
403,True
404,False
405,False
406,True
407,True
408,False
409,True
410,True
411,False
412,False
413,False
414,False
415,False
416,False
417,False
418,False
419,True
420,True
421,True
422,True
423,False
424,True
425,False
426,True
427,True
428,True
429,False
430,False
431,False
432,True
433,True
434,True
435,False
436,False
437,False
438,False
439,True
440,True
441,False
442,True
443,False
444,True
445,True
446,True
447,False
448,True
449,True
450,False
451,False
452,True
453,True
454,False
455,False
456,False
457,True
458,False
459,False
460,True
461,True
462,True
463,True
464,False
465,True
466,True
467,True
468,True
469,False
470,False
471,False
472,True
473,True
474,False
475,False
476,True
477,True
478,True
479,False
480,True
481,False
482,False
483,True
484,False
485,True
486,True
487,True
488,False
489,False
490,True
491,True
492,True
493,True
494,True
495,False
496,False
497,False
498,True
499,True
500,False
501,False
502,False
503,False
504,False
505,True
506,False
507,True
508,True
509,False
510,True
511,True
512,True
513,False
514,False
515,False
516,False
517,True
518,False
519,True
520,True
521,True
522,True
523,False
524,True
525,False
526,False
527,True
528,True
529,True
530,False
531,False
532,False
533,False
534,False
535,False
536,False
537,False
538,True
539,True
540,False
541,False
542,True
543,False
544,True
545,False
546,False
547,True
548,False
549,False
550,True
551,False
552,False
553,False
554,False
555,False
556,True
557,True
558,False
559,True
560,False
561,False
562,False
563,False
564,True
565,False
566,True
567,True
568,False
569,True
570,True
571,False
572,False
573,False
574,False
575,True
576,True
577,True
578,False
579,False
580,True
581,False
582,False
583,False
584,False
585,False
586,True
587,True
588,False
589,True
590,True
591,True
592,True
593,False
594,True
595,True
596,False
597,True
598,True
599,False
600,True
601,True
602,False
603,True
604,False
605,False
606,False
607,True
608,False
609,True
610,True
611,True
612,True
613,True
614,True
615,True
616,True
617,False
618,True
619,True
620,True
621,False
622,False
623,False
624,True
625,False
626,False
627,True
628,True
629,False
630,True
631,False
632,False
633,False
634,False
635,True
636,True
637,False
638,False
639,False
640,False
641,True
642,False
643,False
644,True
645,False
646,False
647,False
648,True
649,False
650,False
651,True
652,False
653,False
654,False
655,True
656,True
657,True
658,True
659,True
660,False
661,False
662,False
663,True
664,False
665,True
666,True
667,False
668,True
669,False
670,True
671,True
672,False
673,False
674,True
675,True
676,True
677,False
678,True
679,False
680,True
681,False
682,True
683,False
684,True
685,True
686,True
687,False
688,True
689,False
690,False
691,True
692,False
693,False
694,False
695,True
696,False
697,False
698,True
699,True
700,True
701,True
702,True
703,False
704,False
705,False
706,True
707,False
708,True
709,True
710,False
711,False
712,True
713,True
714,True
715,True
716,True
717,False
718,True
719,True
720,False
721,True
722,True
723,True
724,False
725,True
726,True
727,True
728,False
729,True
730,False
731,False
732,True
733,False
734,True
735,False
736,False
737,True
738,True
739,True
740,False
741,False
742,True
743,False
744,True
745,False
746,True
747,True
748,False
749,True
750,False
751,False
752,True
753,False
754,False
755,True
756,False
757,True
758,False
759,False
760,False
761,False
762,True
763,False
764,False
765,True
766,False
767,False
768,True
769,False
770,False
771,False
772,False
773,True
774,False
775,False
776,True
777,True
778,True
779,True
780,True
781,False
782,True
783,True
784,False
785,False
786,False
787,False
788,True
789,False
790,False
791,True
792,True
793,False
794,False
795,True
796,True
797,True
798,True
799,True
800,True
801,False
802,True
803,True
804,True
805,True
806,False
807,False
808,False
809,False
810,False
811,True
812,True
813,False
814,False
815,False
816,False
817,True
818,True
819,True
820,False
821,False
822,True
823,True
824,False
825,False
826,True
827,True
828,False
829,False
830,False
831,False
832,False
833,True
834,True
835,True
836,True
837,True
838,True
839,True
840,True
841,False
842,False
843,False
844,True
845,False
846,True
847,False
848,True
849,True
850,True
851,True
852,False
853,True
854,False
855,False
856,True
857,True
858,False
859,False
860,False
861,True
862,False
863,True
864,True
865,True
866,True
867,False
868,True
869,True
870,False
871,True
872,False
873,False
874,False
875,True
876,False
877,False
878,False
879,True
880,True
881,False
882,True
883,True
884,True
885,True
886,False
887,False
888,True
889,True
890,True
891,True
892,True
893,True
894,False
895,True
896,False
897,True
898,True
899,True
900,True
901,True
902,False
903,True
904,False
905,False
906,False
907,False
908,True
909,True
910,True
911,False
912,True
913,False
914,True
915,True
916,False
917,False
918,True
919,False
920,True
921,True
922,False
923,False
924,True
925,True
926,True
927,True
928,False
929,False
930,False
931,True
932,True
933,True
934,True
935,False
936,False
937,True
938,False
939,True
940,True
941,True
942,True
943,True
944,False
945,True
946,True
947,False
948,True
949,False
950,False
951,True
952,True
953,False
954,True
955,False
956,True
957,False
958,True
959,False
960,True
961,False
962,False
963,False
964,False
965,True
966,False
967,True
968,True
969,True
970,True
971,True
972,True
973,False
974,False
975,False
976,True
977,False
978,False
979,False
980,True
981,True
982,True
983,False
984,True
985,True
986,False
987,False
988,True
989,False
990,True
991,True
992,True
993,False
994,False
995,True
996,True
997,False
998,True
999,True
1000,False
1001,True
1002,False
1003,True
1004,True
1005,True
1006,False
1007,False
1008,False
1009,True
1010,False
1011,False
1012,True
1013,True
1014,False
1015,True
1016,False
1017,True
1018,True
1019,True
1020,False
1021,True
1022,True
1023,False
1024,True
1025,False
1026,True
1027,True
1028,False
1029,False
1030,True
1031,False
1032,True
1033,False
1034,False
1035,True
1036,False
1037,False
1038,False
1039,True
1040,True
1041,False
1042,True
1043,True
1044,False
1045,True
1046,False
1047,False
1048,False
1049,False
1050,True
1051,False
1052,False
1053,False
1054,False
1055,False
1056,True
1057,True
1058,True
1059,True
1060,True
1061,False
1062,False
1063,True
1064,False
1065,True
1066,False
1067,True
1068,True
1069,False
1070,False
1071,True
1072,False
1073,True
1074,True
1075,True
1076,False
1077,False
1078,True
1079,False
1080,False
1081,False
1082,True
1083,False
1084,False
1085,False
1086,False
1087,False
1088,True
1089,True
1090,False
1091,True
1092,False
1093,False
1094,True
1095,False
1096,False
1097,False
1098,False
1099,False
1100,True
1101,True
1102,True
1103,False
1104,True
1105,False
1106,True
1107,True
1108,True
1109,False
1110,True
1111,True
1112,False
1113,False
1114,False
1115,True
1116,True
1117,False
1118,False
1119,True
1120,False
1121,True
1122,True
1123,True
1124,True
1125,True
1126,False
1127,False
1128,True
1129,False
1130,False
1131,True
1132,False
1133,False
1134,False
1135,True
1136,False
1137,False
1138,False
1139,True
1140,True
1141,True
1142,True
1143,False
1144,False
1145,True
1146,True
1147,False
1148,True
1149,True
1150,False
1151,True
1152,True
1153,True
1154,True
1155,False
1156,True
1157,False
1158,False
1159,False
1160,True
1161,False
1162,True
1163,False
1164,True
1165,False
1166,False
1167,False
1168,True
1169,True
1170,True
1171,False
1172,True
1173,False
1174,True
1175,True
1176,False
1177,False
1178,True
1179,True
1180,False
1181,False
1182,True
1183,False
1184,False
1185,True
1186,False
1187,False
1188,True
1189,False
1190,True
1191,False
1192,False
1193,True
1194,True
1195,False
1196,True
1197,True
1198,True
1199,True
1200,True
1201,True
1202,False
1203,False
1204,False
1205,True
1206,False
1207,False
1208,True
1209,True
1210,True
1211,True
1212,False
1213,False
1214,False
1215,False
1216,True
1217,True
1218,True
1219,True
1220,False
1221,True
1222,False
1223,False
1224,True
1225,True
1226,False
1227,False
1228,True
1229,True
1230,False
1231,True
1232,True
1233,False
1234,True
1235,False
1236,False
1237,True
1238,False
1239,False
1240,True
1241,True
1242,True
1243,True
1244,False
1245,False
1246,True
1247,True
1248,False
1249,True
1250,True
1251,False
1252,True
1253,True
1254,False
1255,False
1256,False
1257,False
1258,True
1259,True
1260,False
1261,True
1262,False
1263,True
1264,True
1265,True
1266,False
1267,False
1268,False
1269,True
1270,True
1271,True
1272,False
1273,False
1274,False
1275,True
1276,True
1277,True
1278,False
1279,True
1280,False
1281,False
1282,False
1283,True
1284,False
1285,False
1286,True
1287,True
1288,True
1289,True
1290,False
1291,True
1292,False
1293,True
1294,False
1295,False
1296,True
1297,False
1298,True
1299,True
1300,False
1301,False
1302,False
1303,False
1304,False
1305,True
1306,True
1307,True
1308,False
1309,False
1310,False
1311,False
1312,True
1313,True
1314,True
1315,False
1316,True
1317,True
1318,False
1319,False
1320,False
1321,True
1322,True
1323,True
1324,True
1325,False
1326,False
1327,False
1328,False
1329,False
1330,False
1331,False
1332,True
1333,True
1334,False
1335,True
1336,False
1337,True
1338,True
1339,True
1340,False
1341,True
1342,True
1343,False
1344,False
1345,False
1346,False
1347,False
1348,True
1349,False
1350,True
1351,True
1352,False
1353,False
1354,False
1355,True
1356,False
1357,False
1358,True
1359,False
1360,False
1361,False
1362,False
1363,False
1364,True
1365,True
1366,True
1367,False
1368,True
1369,False
1370,True
1371,False
1372,True
1373,False
1374,True
1375,True
1376,True
1377,True
1378,True
1379,False
1380,False
1381,True
1382,False
1383,True
1384,True
1385,False
1386,False
1387,True
1388,True
1389,True
1390,True
1391,True
1392,True
1393,False
1394,True
1395,True
1396,False
1397,True
1398,True
1399,True
1400,False
1401,True
1402,True
1403,True
1404,True
1405,False
1406,True
1407,True
1408,True
1409,True
1410,True
1411,True
1412,False
1413,False
1414,False
1415,False
1416,True
1417,True
1418,False
1419,False
1420,True
1421,False
1422,True
1423,True
1424,False
1425,True
1426,False
1427,False
1428,False
1429,True
1430,True
1431,False
1432,True
1433,False
1434,False
1435,True
1436,False
1437,True
1438,False
1439,True
1440,False
1441,True
1442,True
1443,True
1444,False
1445,False
1446,False
1447,False
1448,True
1449,True
1450,False
1451,False
1452,False
1453,True
1454,False
1455,True
1456,False
1457,False
1458,True
1459,True
1460,False
1461,True
1462,False
1463,False
1464,True
1465,False
1466,True
1467,True
1468,True
1469,True
1470,True
1471,True
1472,False
1473,False
1474,False
1475,True
1476,True
1477,False
1478,False
1479,False
1480,True
1481,True
1482,True
1483,True
1484,True
1485,True
1486,False
1487,False
1488,True
1489,True
1490,True
1491,False
1492,True
1493,False
1494,False
1495,True
1496,False
1497,True
1498,True
1499,False
1500,True
1501,True
1502,True
1503,True
1504,True
1505,False
1506,False
1507,True
1508,True
1509,True
1510,True
1511,True
1512,False
1513,True
1514,True
1515,True
1516,False
1517,True
1518,True
1519,True
1520,True
1521,True
1522,False
1523,False
1524,False
1525,True
1526,True
1527,True
1528,False
1529,True
1530,True
1531,True
1532,False
1533,False
1534,False
1535,True
1536,False
1537,True
1538,False
1539,False
1540,True
1541,False
1542,False
1543,False
1544,False
1545,True
1546,False
1547,True
1548,True
1549,True
1550,False
1551,False
1552,False
1553,False
1554,False
1555,True
1556,True
1557,False
1558,False
1559,False
1560,True
1561,False
1562,False
1563,True
1564,True
1565,False
1566,True
1567,False
1568,True
1569,False
1570,False
1571,True
1572,False
1573,False
1574,False
1575,True
1576,False
1577,True
1578,True
1579,False
1580,False
1581,True
1582,False
1583,False
1584,True
1585,False
1586,False
1587,True
1588,False
1589,True
1590,False
1591,False
1592,True
1593,False
1594,False
1595,False
1596,True
1597,True
1598,False
1599,True
1600,False
1601,True
1602,False
1603,True
1604,True
1605,False
1606,False
1607,False
1608,False
1609,False
1610,True
1611,False
1612,False
1613,False
1614,True
1615,False
1616,True
1617,False
1618,False
1619,True
1620,False
1621,False
1622,False
1623,False
1624,True
1625,True
1626,False
1627,True
1628,True
1629,False
1630,True
1631,False
1632,True
1633,False
1634,True
1635,False
1636,False
1637,True
1638,False
1639,True
1640,False
1641,False
1642,False
1643,False
1644,True
1645,False
1646,False
1647,False
1648,False
1649,True
1650,True
1651,False
1652,False
1653,False
1654,False
1655,True
1656,True
1657,False
1658,True
1659,True
1660,False
1661,True
1662,True
1663,True
1664,True
1665,True
1666,False
1667,True
1668,False
1669,False
1670,True
1671,True
1672,False
1673,True
1674,True
1675,True
1676,True
1677,False
1678,False
1679,True
1680,False
1681,False
1682,False
1683,False
1684,True
1685,False
1686,False
1687,False
1688,True
1689,True
1690,True
1691,False
1692,True
1693,False
1694,False
1695,True
1696,True
1697,False
1698,True
1699,False
1700,False
1701,True
1702,True
1703,True
1704,True
1705,False
1706,True
1707,True
1708,True
1709,False
1710,False
1711,True
1712,True
1713,False
1714,False
1715,False
1716,False
1717,False
1718,True
1719,False
1720,False
1721,True
1722,False
1723,True
1724,False
1725,False
1726,True
1727,True
1728,False
1729,True
1730,True
1731,True
1732,True
1733,True
1734,False
1735,False
1736,True
1737,False
1738,False
1739,True
1740,False
1741,True
1742,False
1743,False
1744,False
1745,True
1746,True
1747,True
1748,True
1749,False
1750,False
1751,True
1752,False
1753,True
1754,True
1755,False
1756,False
1757,True
1758,True
1759,True
1760,False
1761,True
1762,False
1763,False
1764,False
1765,False
1766,True
1767,False
1768,True
1769,False
1770,False
1771,True
1772,True
1773,False
1774,True
1775,True
1776,True
1777,True
1778,False
1779,True
1780,True
1781,True
1782,False
1783,True
1784,False
1785,True
1786,False
1787,False
1788,True
1789,False
1790,True
1791,False
1792,True
1793,True
1794,True
1795,False
1796,False
1797,False
1798,True
1799,False
1800,False
1801,False
1802,False
1803,True
1804,False
1805,False
1806,True
1807,False
1808,False
1809,False
1810,False
1811,False
1812,False
1813,True
1814,True
1815,True
1816,False
1817,True
1818,True
1819,False
1820,True
1821,True
1822,True
1823,False
1824,False
1825,True
1826,False
1827,False
1828,True
1829,True
1830,False
1831,False
1832,False
1833,False
1834,True
1835,False
1836,True
1837,False
1838,False
1839,False
1840,False
1841,False
1842,True
1843,False
1844,True
1845,False
1846,False
1847,True
1848,True
1849,False
1850,True
1851,True
1852,True
1853,False
1854,True
1855,False
1856,True
1857,False
1858,False
1859,True
1860,False
1861,True
1862,True
1863,True
1864,False
1865,True
1866,True
1867,False
1868,True
1869,True
1870,True
1871,False
1872,False
1873,False
1874,True
1875,False
1876,True
1877,False
1878,True
1879,True
1880,False
1881,True
1882,False
1883,True
1884,True
1885,True
1886,False
1887,False
1888,True
1889,False
1890,False
1891,True
1892,False
1893,True
1894,True
1895,True
1896,True
1897,False
1898,True
1899,False
1900,True
1901,True
1902,False
1903,False
1904,True
1905,False
1906,False
1907,False
1908,False
1909,True
1910,True
1911,False
1912,False
1913,True
1914,True
1915,False
1916,False
1917,False
1918,False
1919,True
1920,True
1921,False
1922,True
1923,False
1924,True
1925,False
1926,False
1927,False
1928,False
1929,True
1930,False
1931,False
1932,True
1933,False
1934,False
1935,False
1936,False
1937,True
1938,True
1939,False
1940,False
1941,False
1942,False
1943,True
1944,False
1945,True
1946,False
1947,True
1948,False
1949,True
1950,True
1951,True
1952,False
1953,True
1954,False
1955,False
1956,True
1957,True
1958,True
1959,True
1960,False
1961,False
1962,False
1963,False
1964,True
1965,False
1966,False
1967,False
1968,False
1969,False
1970,True
1971,False
1972,False
1973,True
1974,True
1975,True
1976,True
1977,True
1978,True
1979,False
1980,True
1981,True
1982,False
1983,False
1984,False
1985,True
1986,True
1987,True
1988,False
1989,False
1990,False
1991,True
1992,True
1993,True
1994,True
1995,False
1996,False
1997,False
1998,False
1999,False
2000,True
2001,False
2002,True
2003,False
2004,False
2005,False
2006,False
2007,True
2008,True
2009,True
2010,True
2011,False
2012,True
2013,False
2014,False
2015,True
2016,False
2017,False
2018,False
2019,False
2020,False
2021,False
2022,False
2023,True
2024,False
2025,True
2026,True
2027,False
2028,False
2029,True
2030,False
2031,False
2032,True
2033,False
2034,False
2035,False
2036,True
2037,True
2038,False
2039,False
2040,True
2041,True
2042,True
2043,False
2044,True
2045,False
2046,True
2047,True
2048,True
2049,False
2050,False
2051,False
2052,True
2053,True
2054,False
2055,True
2056,False
2057,True
2058,False
2059,False
2060,False
2061,False
2062,False
2063,False
2064,False
2065,True
2066,True
2067,False
2068,False
2069,True
2070,True
2071,True
2072,True
2073,True
2074,False
2075,False
2076,True
2077,False
2078,False
2079,True
2080,False
2081,False
2082,False
2083,False
2084,True
2085,False
2086,False
2087,False
2088,True
2089,True
2090,False
2091,False
2092,True
2093,False
2094,False
2095,True
2096,False
2097,True
2098,False
2099,True
2100,False
2101,True
2102,False
2103,True
2104,True
2105,False
2106,True
2107,True
2108,True
2109,False
2110,False
2111,True
2112,True
2113,True
2114,True
2115,True
2116,False
2117,False
2118,True
2119,False
2120,False
2121,False
2122,False
2123,False
2124,True
2125,False
2126,False
2127,False
2128,False
2129,False
2130,False
2131,False
2132,False
2133,True
2134,False
2135,False
2136,True
2137,True
2138,False
2139,True
2140,False
2141,False
2142,False
2143,True
2144,True
2145,False
2146,True
2147,False
2148,True
2149,False
2150,False
2151,False
2152,False
2153,False
2154,False
2155,False
2156,False
2157,False
2158,True
2159,True
2160,True
2161,True
2162,False
2163,False
2164,False
2165,True
2166,False
2167,True
2168,True
2169,False
2170,True
2171,False
2172,False
2173,True
2174,True
2175,True
2176,True
2177,False
2178,False
2179,False
2180,False
2181,True
2182,True
2183,True
2184,False
2185,False
2186,False
2187,True
2188,True
2189,False
2190,True
2191,True
2192,False
2193,True
2194,True
2195,False
2196,True
2197,False
2198,False
2199,True
2200,False
2201,True
2202,True
2203,False
2204,True
2205,False
2206,False
2207,True
2208,True
2209,True
2210,False
2211,True
2212,True
2213,False
2214,False
2215,False
2216,False
2217,True
2218,True
2219,False
2220,False
2221,False
2222,False
2223,False
2224,True
2225,True
2226,False
2227,False
2228,True
2229,False
2230,True
2231,True
2232,False
2233,True
2234,True
2235,True
2236,True
2237,True
2238,True
2239,True
2240,True
2241,False
2242,True
2243,True
2244,False
2245,True
2246,False
2247,False
2248,False
2249,True
2250,False
2251,False
2252,False
2253,False
2254,False
2255,True
2256,False
2257,True
2258,True
2259,True
2260,False
2261,True
2262,True
2263,True
2264,False
2265,True
2266,False
2267,True
2268,True
2269,True
2270,False
2271,False
2272,False
2273,False
2274,False
2275,False
2276,False
2277,True
2278,True
2279,True
2280,True
2281,True
2282,True
2283,True
2284,False
2285,False
2286,True
2287,True
2288,False
2289,True
2290,True
2291,False
2292,False
2293,False
2294,True
2295,False
2296,False
2297,False
2298,True
2299,True
2300,True
2301,False
2302,True
2303,True
2304,True
2305,False
2306,True
2307,True
2308,True
2309,True
2310,True
2311,False
2312,False
2313,False
2314,True
2315,True
2316,False
2317,True
2318,False
2319,True
2320,False
2321,True
2322,False
2323,False
2324,True
2325,True
2326,True
2327,False
2328,True
2329,False
2330,True
2331,True
2332,True
2333,False
2334,False
2335,True
2336,True
2337,True
2338,True
2339,True
2340,False
2341,True
2342,False
2343,True
2344,True
2345,False
2346,False
2347,True
2348,False
2349,False
2350,True
2351,True
2352,True
2353,False
2354,True
2355,True
2356,True
2357,False
2358,True
2359,True
2360,False
2361,True
2362,True
2363,False
2364,True
2365,False
2366,True
2367,True
2368,False
2369,True
2370,True
2371,True
2372,True
2373,True
2374,False
2375,False
2376,True
2377,False
2378,True
2379,True
2380,True
2381,True
2382,True
2383,False
2384,True
2385,True
2386,True
2387,True
2388,False
2389,False
2390,True
2391,False
2392,True
2393,False
2394,True
2395,True
2396,False
2397,True
2398,True
2399,True
2400,False
2401,False
2402,True
2403,False
2404,True
2405,False
2406,False
2407,True
2408,True
2409,False
2410,False
2411,True
2412,False
2413,True
2414,False
2415,False
2416,False
2417,True
2418,False
2419,False
2420,True
2421,True
2422,True
2423,True
2424,True
2425,False
2426,False
2427,False
2428,True
2429,True
2430,False
2431,False
2432,True
2433,False
2434,False
2435,True
2436,True
2437,True
2438,False
2439,False
2440,False
2441,True
2442,False
2443,True
2444,True
2445,False
2446,True
2447,False
2448,False
2449,False
2450,False
2451,False
2452,False
2453,False
2454,False
2455,True
2456,True
2457,False
2458,False
2459,True
2460,True
2461,False
2462,False
2463,False
2464,True
2465,False
2466,True
2467,False
2468,False
2469,True
2470,True
2471,True
2472,True
2473,False
2474,False
2475,True
2476,False
2477,False
2478,True
2479,True
2480,False
2481,False
2482,True
2483,True
2484,False
2485,True
2486,False
2487,True
2488,True
2489,True
2490,False
2491,False
2492,False
2493,False
2494,True
2495,False
2496,False
2497,True
2498,True
2499,True
2500,False
2501,False
2502,False
2503,True
2504,True
2505,False
2506,True
2507,True
2508,True
2509,True
2510,False
2511,True
2512,True
2513,False
2514,True
2515,True
2516,False
2517,False
2518,True
2519,False
2520,True
2521,True
2522,True
2523,True
2524,False
2525,False
2526,False
2527,False
2528,False
2529,False
2530,True
2531,True
2532,False
2533,False
2534,False
2535,True
2536,False
2537,False
2538,False
2539,True
2540,True
2541,False
2542,False
2543,True
2544,False
2545,False
2546,True
2547,False
2548,True
2549,True
2550,False
2551,True
2552,False
2553,False
2554,True
2555,True
2556,False
2557,False
2558,True
2559,False
2560,True
2561,False
2562,True
2563,False
2564,False
2565,True
2566,True
2567,True
2568,False
2569,True
2570,False
2571,False
2572,False
2573,False
2574,False
2575,False
2576,True
2577,False
2578,False
2579,True
2580,True
2581,True
2582,False
2583,True
2584,False
2585,False
2586,True
2587,True
2588,True
2589,False
2590,False
2591,True
2592,True
2593,True
2594,False
2595,False
2596,False
2597,True
2598,False
2599,True
2600,False
2601,False
2602,False
2603,True
2604,True
2605,False
2606,True
2607,True
2608,True
2609,True
2610,False
2611,True
2612,True
2613,False
2614,False
2615,True
2616,False
2617,False
2618,False
2619,True
2620,False
2621,False
2622,False
2623,False
2624,True
2625,False
2626,False
2627,True
2628,False
2629,False
2630,False
2631,True
2632,True
2633,True
2634,True
2635,True
2636,True
2637,False
2638,False
2639,False
2640,False
2641,True
2642,True
2643,False
2644,True
2645,False
2646,True
2647,True
2648,True
2649,True
2650,False
2651,True
2652,False
2653,False
2654,False
2655,False
2656,False
2657,False
2658,False
2659,False
2660,True
2661,True
2662,True
2663,False
2664,True
2665,False
2666,False
2667,False
2668,False
2669,True
2670,False
2671,False
2672,False
2673,True
2674,True
2675,False
2676,False
2677,False
2678,True
2679,True
2680,False
2681,True
2682,True
2683,False
2684,True
2685,True
2686,True
2687,False
2688,False
2689,False
2690,False
2691,True
2692,True
2693,True
2694,False
2695,True
2696,False
2697,False
2698,True
2699,True
2700,True
2701,False
2702,False
2703,True
2704,False
2705,True
2706,False
2707,True
2708,True
2709,True
2710,True
2711,False
2712,False
2713,False
2714,True
2715,False
2716,True
2717,True
2718,True
2719,True
2720,True
2721,True
2722,True
2723,True
2724,False
2725,True
2726,False
2727,True
2728,True
2729,False
2730,True
2731,True
2732,True
2733,True
2734,True
2735,False
2736,True
2737,False
2738,True
2739,True
2740,False
2741,True
2742,False
2743,False
2744,False
2745,True
2746,False
2747,True
2748,False
2749,True
2750,False
2751,False
2752,False
2753,True
2754,False
2755,False
2756,False
2757,False
2758,False
2759,True
2760,False
2761,True
2762,True
2763,False
2764,False
2765,False
2766,True
2767,False
2768,True
2769,False
2770,False
2771,False
2772,False
2773,True
2774,False
2775,False
2776,True
2777,False
2778,True
2779,True
2780,True
2781,True
2782,False
2783,True
2784,False
2785,False
2786,True
2787,True
2788,True
2789,False
2790,False
2791,True
2792,False
2793,False
2794,False
2795,True
2796,True
2797,True
2798,True
2799,True
2800,False
2801,False
2802,False
2803,True
2804,True
2805,False
2806,False
2807,True
2808,False
2809,True
2810,True
2811,False
2812,False
2813,False
2814,False
2815,True
2816,True
2817,False
2818,True
2819,True
2820,True
2821,True
2822,True
2823,True
2824,False
2825,True
2826,True
2827,False
2828,False
2829,False
2830,True
2831,False
2832,True
2833,False
2834,True
2835,False
2836,False
2837,True
2838,True
2839,False
2840,False
2841,False
2842,True
2843,False
2844,False
2845,True
2846,False
2847,True
2848,False
2849,False
2850,False
2851,True
2852,True
2853,True
2854,True
2855,True
2856,False
2857,False
2858,True
2859,True
2860,True
2861,False
2862,False
2863,True
2864,True
2865,False
2866,True
2867,False
2868,True
2869,False
2870,False
2871,False
2872,False
2873,True
2874,True
2875,False
2876,True
2877,False
2878,False
2879,False
2880,False
2881,True
2882,True
2883,True
2884,False
2885,True
2886,False
2887,False
2888,True
2889,True
2890,True
2891,True
2892,True
2893,True
2894,True
2895,False
2896,False
2897,False
2898,True
2899,True
2900,False
2901,False
2902,False
2903,True
2904,False
2905,False
2906,True
2907,True
2908,True
2909,True
2910,True
2911,False
2912,True
2913,True
2914,True
2915,False
2916,True
2917,True
2918,False
2919,True
2920,False
2921,True
2922,False
2923,False
2924,True
2925,False
2926,False
2927,False
2928,True
2929,False
2930,True
2931,False
2932,False
2933,False
2934,True
2935,False
2936,False
2937,False
2938,False
2939,True
2940,False
2941,False
2942,True
2943,True
2944,False
2945,False
2946,True
2947,False
2948,False
2949,True
2950,False
2951,True
2952,True
2953,False
2954,False
2955,True
2956,True
2957,True
2958,True
2959,True
2960,True
2961,True
2962,True
2963,False
2964,True
2965,False
2966,False
2967,False
2968,True
2969,True
2970,False
2971,False
2972,False
2973,True
2974,False
2975,False
2976,False
2977,True
2978,False
2979,False
2980,False
2981,False
2982,False
2983,True
2984,True
2985,False
2986,True
2987,False
2988,False
2989,True
2990,False
2991,True
2992,True
2993,True
2994,True
2995,False
2996,False
2997,True
2998,False
2999,True
3000,True
3001,True
3002,False
3003,True
3004,False
3005,False
3006,True
3007,True
3008,True
3009,False
3010,False
3011,True
3012,True
3013,True
3014,True
3015,True
3016,True
3017,False
3018,True
3019,True
3020,True
3021,True
3022,False
3023,True
3024,False
3025,True
3026,True
3027,True
3028,True
3029,True
3030,True
3031,True
3032,False
3033,False
3034,False
3035,True
3036,False
3037,True
3038,False
3039,False
3040,False
3041,False
3042,False
3043,False
3044,False
3045,True
3046,True
3047,False
3048,False
3049,False
3050,False
3051,False
3052,True
3053,False
3054,True
3055,True
3056,False
3057,False
3058,True
3059,False
3060,True
3061,True
3062,True
3063,False
3064,True
3065,True
3066,True
3067,True
3068,True
3069,False
3070,True
3071,False
3072,True
3073,True
3074,True
3075,True
3076,False
3077,False
3078,True
3079,False
3080,True
3081,True
3082,True
3083,True
3084,False
3085,True
3086,True
3087,True
3088,False
3089,True
3090,False
3091,True
3092,False
3093,True
3094,True
3095,False
3096,True
3097,True
3098,True
3099,False
3100,False
3101,True
3102,False
3103,False
3104,True
3105,False
3106,True
3107,False
3108,True
3109,False
3110,False
3111,False
3112,True
3113,True
3114,False
3115,False
3116,False
3117,True
3118,False
3119,True
3120,False
3121,True
3122,False
3123,True
3124,False
3125,False
3126,False
3127,False
3128,True
3129,True
3130,False
3131,True
3132,True
3133,False
3134,False
3135,True
3136,False
3137,False
3138,False
3139,False
3140,True
3141,True
3142,False
3143,False
3144,False
3145,False
3146,True
3147,True
3148,False
3149,False
3150,True
3151,False
3152,False
3153,True
3154,True
3155,False
3156,False
3157,False
3158,False
3159,True
3160,False
3161,True
3162,True
3163,True
3164,True
3165,True
3166,True
3167,True
3168,True
3169,True
3170,True
3171,True
3172,True
3173,False
3174,False
3175,True
3176,False
3177,False
3178,True
3179,False
3180,False
3181,False
3182,False
3183,False
3184,True
3185,True
3186,False
3187,True
3188,False
3189,False
3190,False
3191,True
3192,False
3193,True
3194,True
3195,True
3196,False
3197,True
3198,False
3199,True
3200,False
3201,False
3202,False
3203,True
3204,True
3205,False
3206,True
3207,True
3208,True
3209,False
3210,False
3211,True
3212,True
3213,True
3214,False
3215,False
3216,False
3217,False
3218,True
3219,True
3220,True
3221,True
3222,False
3223,False
3224,False
3225,False
3226,False
3227,False
3228,True
3229,False
3230,True
3231,False
3232,False
3233,False
3234,True
3235,True
3236,False
3237,True
3238,False
3239,False
3240,True
3241,False
3242,False
3243,True
3244,True
3245,True
3246,False
3247,False
3248,True
3249,True
3250,False
3251,False
3252,True
3253,True
3254,False
3255,False
3256,False
3257,False
3258,False
3259,True
3260,False
3261,False
3262,False
3263,False
3264,False
3265,True
3266,False
3267,True
3268,True
3269,False
3270,False
3271,False
3272,True
3273,True
3274,True
3275,False
3276,True
3277,True
3278,False
3279,False
3280,True
3281,True
3282,False
3283,False
3284,True
3285,False
3286,True
3287,False
3288,False
3289,True
3290,False
3291,False
3292,True
3293,False
3294,False
3295,True
3296,True
3297,True
3298,False
3299,True
3300,False
3301,False
3302,True
3303,True
3304,True
3305,False
3306,True
3307,True
3308,True
3309,False
3310,True
3311,False
3312,True
3313,False
3314,True
3315,False
3316,False
3317,True
3318,True
3319,True
3320,True
3321,False
3322,True
3323,False
3324,False
3325,True
3326,True
3327,False
3328,False
3329,False
3330,True
3331,True
3332,False
3333,False
3334,False
3335,True
3336,False
3337,False
3338,True
3339,True
3340,True
3341,True
3342,True
3343,False
3344,True
3345,False
3346,False
3347,True
3348,True
3349,False
3350,False
3351,False
3352,True
3353,False
3354,False
3355,True
3356,False
3357,False
3358,True
3359,True
3360,False
3361,True
3362,True
3363,True
3364,False
3365,True
3366,False
3367,False
3368,False
3369,False
3370,False
3371,False
3372,False
3373,False
3374,False
3375,True
3376,True
3377,False
3378,True
3379,True
3380,True
3381,True
3382,True
3383,True
3384,True
3385,False
3386,True
3387,False
3388,False
3389,False
3390,False
3391,False
3392,True
3393,False
3394,False
3395,False
3396,False
3397,False
3398,True
3399,False
3400,True
3401,False
3402,True
3403,False
3404,True
3405,True
3406,False
3407,True
3408,True
3409,True
3410,False
3411,True
3412,True
3413,True
3414,False
3415,True
3416,True
3417,True
3418,True
3419,True
3420,True
3421,False
3422,False
3423,False
3424,False
3425,False
3426,False
3427,False
3428,True
3429,False
3430,True
3431,True
3432,True
3433,False
3434,False
3435,False
3436,False
3437,False
3438,True
3439,True
3440,True
3441,False
3442,True
3443,False
3444,False
3445,True
3446,True
3447,True
3448,True
3449,True
3450,False
3451,False
3452,False
3453,False
3454,False
3455,True
3456,False
3457,True
3458,False
3459,True
3460,True
3461,False
3462,True
3463,False
3464,True
3465,True
3466,False
3467,True
3468,False
3469,False
3470,True
3471,False
3472,False
3473,False
3474,True
3475,False
3476,False
3477,True
3478,False
3479,False
3480,True
3481,True
3482,False
3483,True
3484,True
3485,True
3486,False
3487,False
3488,True
3489,False
3490,True
3491,False
3492,True
3493,True
3494,True
3495,False
3496,False
3497,True
3498,True
3499,True
3500,True
3501,True
3502,True
3503,False
3504,False
3505,False
3506,False
3507,False
3508,True
3509,True
3510,False
3511,False
3512,False
3513,False
3514,False
3515,True
3516,False
3517,True
3518,False
3519,True
3520,False
3521,False
3522,True
3523,True
3524,True
3525,True
3526,False
3527,True
3528,True
3529,False
3530,False
3531,True
3532,False
3533,True
3534,True
3535,True
3536,False
3537,True
3538,True
3539,False
3540,True
3541,True
3542,False
3543,True
3544,True
3545,True
3546,False
3547,False
3548,True
3549,False
3550,False
3551,True
3552,False
3553,False
3554,False
3555,True
3556,True
3557,True
3558,True
3559,True
3560,False
3561,True
3562,True
3563,True
3564,True
3565,True
3566,False
3567,True
3568,True
3569,False
3570,False
3571,False
3572,False
3573,True
3574,False
3575,True
3576,False
3577,False
3578,True
3579,False
3580,False
3581,False
3582,True
3583,True
3584,True
3585,True
3586,True
3587,False
3588,True
3589,True
3590,False
3591,True
3592,False
3593,False
3594,False
3595,True
3596,False
3597,False
3598,True
3599,True
3600,True
3601,True
3602,True
3603,False
3604,False
3605,False
3606,True
3607,True
3608,True
3609,True
3610,False
3611,False
3612,True
3613,False
3614,False
3615,False
3616,False
3617,False
3618,True
3619,False
3620,False
3621,False
3622,False
3623,False
3624,False
3625,False
3626,True
3627,True
3628,False
3629,False
3630,True
3631,True
3632,True
3633,True
3634,False
3635,True
3636,True
3637,True
3638,False
3639,True
3640,True
3641,True
3642,False
3643,True
3644,True
3645,False
3646,False
3647,False
3648,True
3649,True
3650,False
3651,True
3652,True
3653,True
3654,True
3655,True
3656,False
3657,True
3658,False
3659,True
3660,True
3661,True
3662,False
3663,False
3664,False
3665,False
3666,False
3667,True
3668,False
3669,False
3670,False
3671,False
3672,True
3673,False
3674,True
3675,False
3676,True
3677,False
3678,True
3679,True
3680,True
3681,False
3682,False
3683,True
3684,False
3685,True
3686,True
3687,False
3688,False
3689,True
3690,True
3691,True
3692,False
3693,True
3694,False
3695,False
3696,True
3697,False
3698,True
3699,False
3700,False
3701,True
3702,False
3703,True
3704,True
3705,False
3706,True
3707,False
3708,True
3709,True
3710,True
3711,True
3712,False
3713,True
3714,False
3715,True
3716,True
3717,True
3718,False
3719,True
3720,False
3721,False
3722,True
3723,False
3724,False
3725,True
3726,True
3727,False
3728,False
3729,True
3730,True
3731,True
3732,True
3733,False
3734,False
3735,True
3736,True
3737,False
3738,True
3739,True
3740,False
3741,False
3742,False
3743,False
3744,False
3745,True
3746,True
3747,False
3748,False
3749,False
3750,True
3751,True
3752,True
3753,True
3754,True
3755,False
3756,True
3757,True
3758,False
3759,True
3760,False
3761,False
3762,False
3763,False
3764,True
3765,False
3766,True
3767,False
3768,False
3769,True
3770,True
3771,True
3772,False
3773,True
3774,True
3775,False
3776,False
3777,False
3778,True
3779,False
3780,True
3781,False
3782,True
3783,False
3784,True
3785,True
3786,True
3787,True
3788,False
3789,True
3790,False
3791,False
3792,True
3793,True
3794,True
3795,True
3796,True
3797,False
3798,True
3799,True
3800,True
3801,False
3802,True
3803,True
3804,False
3805,True
3806,False
3807,False
3808,True
3809,True
3810,True
3811,True
3812,False
3813,False
3814,True
3815,False
3816,False
3817,True
3818,False
3819,True
3820,True
3821,False
3822,True
3823,False
3824,True
3825,False
3826,False
3827,False
3828,True
3829,False
3830,False
3831,False
3832,True
3833,False
3834,False
3835,True
3836,True
3837,True
3838,False
3839,True
3840,True
3841,False
3842,True
3843,True
3844,False
3845,True
3846,False
3847,False
3848,False
3849,False
3850,True
3851,True
3852,True
3853,True
3854,True
3855,True
3856,True
3857,False
3858,False
3859,True
3860,False
3861,False
3862,False
3863,True
3864,False
3865,True
3866,True
3867,False
3868,True
3869,False
3870,True
3871,False
3872,False
3873,False
3874,True
3875,False
3876,False
3877,False
3878,False
3879,True
3880,False
3881,False
3882,False
3883,False
3884,True
3885,True
3886,True
3887,True
3888,True
3889,True
3890,False
3891,True
3892,True
3893,True
3894,False
3895,False
3896,True
3897,True
3898,False
3899,True
3900,True
3901,False
3902,False
3903,True
3904,True
3905,True
3906,True
3907,True
3908,True
3909,True
3910,False
3911,False
3912,True
3913,True
3914,False
3915,False
3916,False
3917,True
3918,False
3919,False
3920,True
3921,True
3922,True
3923,True
3924,False
3925,True
3926,True
3927,True
3928,True
3929,False
3930,True
3931,True
3932,True
3933,True
3934,True
3935,False
3936,True
3937,False
3938,False
3939,True
3940,False
3941,True
3942,True
3943,True
3944,False
3945,False
3946,True
3947,False
3948,False
3949,True
3950,True
3951,False
3952,True
3953,False
3954,False
3955,True
3956,False
3957,False
3958,False
3959,True
3960,False
3961,True
3962,False
3963,False
3964,False
3965,False
3966,False
3967,True
3968,False
3969,True
3970,False
3971,True
3972,True
3973,True
3974,False
3975,False
3976,False
3977,True
3978,True
3979,True
3980,True
3981,False
3982,False
3983,True
3984,True
3985,False
3986,True
3987,False
3988,False
3989,False
3990,True
3991,False
3992,False
3993,True
3994,False
3995,False
3996,True
3997,True
3998,False
3999,False
4000,True
4001,False
4002,True
4003,True
4004,False
4005,True
4006,True
4007,False
4008,True
4009,True
4010,True
4011,False
4012,True
4013,False
4014,True
4015,True
4016,True
4017,True
4018,True
4019,False
4020,True
4021,True
4022,False
4023,True
4024,True
4025,False
4026,True
4027,False
4028,False
4029,True
4030,False
4031,True
4032,True
4033,True
4034,True
4035,False
4036,True
4037,True
4038,True
4039,True
4040,False
4041,True
4042,True
4043,False
4044,False
4045,True
4046,False
4047,True
4048,False
4049,False
4050,False
4051,False
4052,False
4053,True
4054,True
4055,False
4056,False
4057,False
4058,True
4059,False
4060,False
4061,True
4062,True
4063,False
4064,True
4065,True
4066,False
4067,True
4068,False
4069,True
4070,True
4071,True
4072,False
4073,True
4074,False
4075,True
4076,False
4077,True
4078,True
4079,False
4080,True
4081,False
4082,True
4083,True
4084,False
4085,False
4086,False
4087,True
4088,False
4089,True
4090,True
4091,False
4092,False
4093,True
4094,False
4095,False
4096,False
4097,True
4098,True
4099,True
4100,False
4101,False
4102,False
4103,True
4104,False
4105,True
4106,False
4107,True
4108,True
4109,True
4110,True
4111,False
4112,False
4113,True
4114,True
4115,False
4116,False
4117,True
4118,True
4119,True
4120,False
4121,False
4122,True
4123,False
4124,True
4125,True
4126,True
4127,False
4128,True
4129,False
4130,False
4131,False
4132,True
4133,True
4134,False
4135,False
4136,True
4137,False
4138,False
4139,True
4140,False
4141,False
4142,False
4143,False
4144,False
4145,False
4146,False
4147,False
4148,True
4149,False
4150,True
4151,False
4152,False
4153,True
4154,False
4155,False
4156,True
4157,True
4158,True
4159,False
4160,True
4161,True
4162,False
4163,True
4164,False
4165,True
4166,False
4167,True
4168,True
4169,True
4170,True
4171,True
4172,True
4173,True
4174,True
4175,False
4176,False
4177,True
4178,True
4179,True
4180,True
4181,True
4182,False
4183,False
4184,True
4185,False
4186,False
4187,False
4188,True
4189,False
4190,False
4191,False
4192,True
4193,False
4194,True
4195,True
4196,False
4197,True
4198,False
4199,True
4200,False
4201,False
4202,True
4203,True
4204,True
4205,True
4206,True
4207,False
4208,False
4209,True
4210,True
4211,True
4212,True
4213,True
4214,True
4215,True
4216,True
4217,True
4218,False
4219,True
4220,False
4221,True
4222,False
4223,False
4224,True
4225,True
4226,False
4227,False
4228,True
4229,False
4230,True
4231,True
4232,False
4233,True
4234,True
4235,True
4236,True
4237,False
4238,False
4239,True
4240,False
4241,False
4242,True
4243,True
4244,False
4245,False
4246,False
4247,True
4248,False
4249,True
4250,True
4251,False
4252,False
4253,False
4254,False
4255,True
4256,False
4257,False
4258,False
4259,False
4260,False
4261,False
4262,True
4263,True
4264,False
4265,False
4266,True
4267,True
4268,False
4269,True
4270,False
4271,True
4272,False
4273,True
4274,False
4275,False
4276,True
4277,True
4278,True
4279,True
4280,True
4281,True
4282,True
4283,False
4284,False
4285,False
4286,False
4287,True
4288,False
4289,False
4290,True
4291,False
4292,False
4293,False
4294,True
4295,False
4296,False
4297,True
4298,True
4299,True
4300,False
4301,False
4302,False
4303,False
4304,True
4305,True
4306,True
4307,False
4308,True
4309,True
4310,False
4311,False
4312,False
4313,True
4314,False
4315,True
4316,True
4317,False
4318,False
4319,False
4320,True
4321,False
4322,True
4323,True
4324,True
4325,False
4326,True
4327,True
4328,False
4329,False
4330,False
4331,True
4332,True
4333,True
4334,True
4335,True
4336,False
4337,False
4338,False
4339,True
4340,False
4341,True
4342,True
4343,True
4344,True
4345,False
4346,False
4347,True
4348,True
4349,True
4350,True
4351,True
4352,False
4353,False
4354,False
4355,False
4356,True
4357,True
4358,True
4359,True
4360,False
4361,True
4362,False
4363,False
4364,True
4365,True
4366,True
4367,True
4368,True
4369,True
4370,False
4371,True
4372,True
4373,False
4374,False
4375,True
4376,False
4377,False
4378,True
4379,False
4380,False
4381,True
4382,True
4383,True
4384,True
4385,True
4386,False
4387,True
4388,True
4389,False
4390,True
4391,True
4392,False
4393,True
4394,False
4395,True
4396,True
4397,False
4398,False
4399,False
4400,False
4401,False
4402,False
4403,False
4404,True
4405,False
4406,True
4407,True
4408,False
4409,False
4410,False
4411,True
4412,False
4413,False
4414,False
4415,False
4416,True
4417,True
4418,True
4419,False
4420,True
4421,False
4422,True
4423,True
4424,False
4425,False
4426,False
4427,False
4428,False
4429,True
4430,True
4431,True
4432,False
4433,True
4434,True
4435,False
4436,False
4437,False
4438,False
4439,True
4440,False
4441,False
4442,False
4443,True
4444,False
4445,True
4446,True
4447,True
4448,False
4449,False
4450,True
4451,False
4452,False
4453,False
4454,False
4455,False
4456,False
4457,False
4458,False
4459,True
4460,False
4461,True
4462,False
4463,True
4464,False
4465,True
4466,False
4467,True
4468,True
4469,False
4470,True
4471,False
4472,False
4473,False
4474,True
4475,True
4476,False
4477,False
4478,False
4479,True
4480,False
4481,True
4482,False
4483,False
4484,True
4485,False
4486,False
4487,True
4488,False
4489,False
4490,True
4491,False
4492,True
4493,False
4494,True
4495,False
4496,False
4497,True
4498,False
4499,True
4500,True
4501,False
4502,True
4503,False
4504,False
4505,False
4506,False
4507,True
4508,False
4509,False
4510,True
4511,True
4512,False
4513,True
4514,False
4515,True
4516,False
4517,True
4518,False
4519,False
4520,False
4521,False
4522,True
4523,False
4524,True
4525,False
4526,True
4527,True
4528,False
4529,False
4530,True
4531,True
4532,True
4533,True
4534,False
4535,False
4536,True
4537,False
4538,True
4539,False
4540,True
4541,False
4542,False
4543,True
4544,False
4545,False
4546,False
4547,True
4548,False
4549,False
4550,True
4551,True
4552,False
4553,False
4554,True
4555,False
4556,False
4557,False
4558,False
4559,True
4560,True
4561,False
4562,False
4563,False
4564,False
4565,False
4566,True
4567,False
4568,True
4569,False
4570,True
4571,True
4572,False
4573,True
4574,True
4575,False
4576,True
4577,True
4578,False
4579,False
4580,False
4581,True
4582,True
4583,True
4584,False
4585,False
4586,False
4587,False
4588,False
4589,False
4590,False
4591,True
4592,True
4593,False
4594,False
4595,False
4596,True
4597,False
4598,True
4599,True
4600,True
4601,True
4602,False
4603,True
4604,False
4605,False
4606,True
4607,False
4608,True
4609,False
4610,True
4611,False
4612,False
4613,False
4614,True
4615,False
4616,False
4617,True
4618,True
4619,True
4620,True
4621,True
4622,False
4623,True
4624,True
4625,False
4626,True
4627,True
4628,False
4629,False
4630,True
4631,True
4632,True
4633,False
4634,False
4635,False
4636,False
4637,True
4638,False
4639,True
4640,True
4641,True
4642,True
4643,False
4644,False
4645,True
4646,False
4647,False
4648,False
4649,True
4650,True
4651,True
4652,True
4653,False
4654,False
4655,False
4656,True
4657,True
4658,False
4659,False
4660,True
4661,False
4662,False
4663,True
4664,True
4665,True
4666,False
4667,True
4668,True
4669,False
4670,True
4671,False
4672,False
4673,False
4674,False
4675,True
4676,False
4677,False
4678,False
4679,True
4680,True
4681,True
4682,True
4683,False
4684,True
4685,True
4686,True
4687,True
4688,True
4689,True
4690,False
4691,False
4692,True
4693,False
4694,True
4695,True
4696,True
4697,False
4698,True
4699,False
4700,True
4701,True
4702,True
4703,False
4704,False
4705,True
4706,False
4707,False
4708,True
4709,True
4710,True
4711,True
4712,True
4713,False
4714,False
4715,False
4716,False
4717,False
4718,True
4719,True
4720,False
4721,True
4722,True
4723,False
4724,False
4725,True
4726,False
4727,False
4728,True
4729,True
4730,True
4731,False
4732,False
4733,False
4734,False
4735,False
4736,True
4737,False
4738,False
4739,False
4740,True
4741,True
4742,False
4743,False
4744,True
4745,True
4746,False
4747,True
4748,True
4749,True
4750,False
4751,True
4752,False
4753,True
4754,True
4755,True
4756,True
4757,False
4758,True
4759,True
4760,True
4761,True
4762,False
4763,False
4764,True
4765,True
4766,False
4767,True
4768,False
4769,True
4770,False
4771,True
4772,False
4773,True
4774,False
4775,True
4776,False
4777,True
4778,True
4779,True
4780,True
4781,True
4782,False
4783,True
4784,True
4785,False
4786,True
4787,False
4788,True
4789,False
4790,True
4791,False
4792,True
4793,False
4794,True
4795,True
4796,False
4797,True
4798,True
4799,False
4800,True
4801,False
4802,True
4803,False
4804,False
4805,False
4806,False
4807,True
4808,False
4809,True
4810,True
4811,True
4812,False
4813,False
4814,False
4815,False
4816,True
4817,True
4818,True
4819,True
4820,True
4821,False
4822,False
4823,True
4824,True
4825,True
4826,True
4827,False
4828,True
4829,True
4830,False
4831,True
4832,True
4833,False
4834,False
4835,False
4836,True
4837,True
4838,False
4839,True
4840,False
4841,True
4842,False
4843,False
4844,False
4845,True
4846,True
4847,False
4848,False
4849,True
4850,False
4851,True
4852,True
4853,True
4854,True
4855,True
4856,True
4857,False
4858,True
4859,True
4860,False
4861,True
4862,True
4863,False
4864,True
4865,True
4866,True
4867,True
4868,True
4869,False
4870,False
4871,True
4872,True
4873,True
4874,True
4875,True
4876,True
4877,True
4878,True
4879,False
4880,False
4881,False
4882,True
4883,False
4884,False
4885,True
4886,True
4887,True
4888,True
4889,True
4890,True
4891,True
4892,True
4893,False
4894,False
4895,True
4896,False
4897,True
4898,False
4899,False
4900,True
4901,True
4902,False
4903,False
4904,True
4905,True
4906,True
4907,False
4908,True
4909,True
4910,False
4911,True
4912,False
4913,True
4914,False
4915,False
4916,True
4917,True
4918,True
4919,True
4920,True
4921,False
4922,True
4923,True
4924,True
4925,False
4926,True
4927,False
4928,False
4929,True
4930,False
4931,False
4932,True
4933,True
4934,True
4935,True
4936,True
4937,True
4938,True
4939,False
4940,True
4941,False
4942,True
4943,True
4944,False
4945,True
4946,False
4947,True
4948,False
4949,True
4950,False
4951,True
4952,True
4953,True
4954,False
4955,True
4956,False
4957,False
4958,False
4959,False
4960,True
4961,True
4962,False
4963,True
4964,True
4965,True
4966,True
4967,False
4968,True
4969,False
4970,False
4971,True
4972,True
4973,False
4974,True
4975,False
4976,True
4977,False
4978,True
4979,True
4980,True
4981,True
4982,False
4983,True
4984,True
4985,True
4986,False
4987,True
4988,False
4989,False
4990,True
4991,False
4992,False
4993,True
4994,False
4995,False
4996,False
4997,True
4998,False
4999,True
5000,True
5001,False
5002,True
5003,False
5004,True
5005,True
5006,False
5007,False
5008,False
5009,True
5010,False
5011,True
5012,True
5013,True
5014,False
5015,False
5016,False
5017,False
5018,True
5019,False
5020,True
5021,True
5022,True
5023,False
5024,True
5025,True
5026,True
5027,True
5028,False
5029,False
5030,True
5031,True
5032,False
5033,True
5034,True
5035,False
5036,True
5037,True
5038,False
5039,True
5040,False
5041,True
5042,False
5043,False
5044,True
5045,False
5046,True
5047,True
5048,False
5049,False
5050,True
5051,True
5052,True
5053,True
5054,False
5055,False
5056,False
5057,False
5058,False
5059,True
5060,True
5061,True
5062,False
5063,False
5064,False
5065,False
5066,True
5067,True
5068,True
5069,False
5070,True
5071,False
5072,True
5073,True
5074,False
5075,True
5076,False
5077,False
5078,False
5079,True
5080,False
5081,True
5082,False
5083,False
5084,True
5085,False
5086,True
5087,True
5088,True
5089,True
5090,False
5091,True
5092,True
5093,False
5094,True
5095,True
5096,True
5097,False
5098,False
5099,False
5100,True
5101,True
5102,True
5103,False
5104,False
5105,False
5106,False
5107,True
5108,True
5109,False
5110,False
5111,True
5112,True
5113,True
5114,True
5115,True
5116,False
5117,False
5118,False
5119,True
5120,True
5121,False
5122,False
5123,False
5124,False
5125,True
5126,True
5127,True
5128,True
5129,False
5130,False
5131,False
5132,False
5133,True
5134,True
5135,False
5136,True
5137,False
5138,True
5139,False
5140,True
5141,False
5142,False
5143,False
5144,True
5145,True
5146,True
5147,False
5148,False
5149,True
5150,True
5151,True
5152,True
5153,True
5154,True
5155,True
5156,False
5157,False
5158,False
5159,False
5160,True
5161,False
5162,True
5163,True
5164,True
5165,True
5166,True
5167,False
5168,False
5169,True
5170,False
5171,True
5172,False
5173,False
5174,False
5175,True
5176,True
5177,True
5178,True
5179,False
5180,True
5181,True
5182,False
5183,True
5184,True
5185,False
5186,False
5187,False
5188,True
5189,True
5190,True
5191,False
5192,False
5193,True
5194,True
5195,False
5196,False
5197,False
5198,True
5199,False
5200,False
5201,True
5202,True
5203,False
5204,True
5205,False
5206,False
5207,False
5208,True
5209,True
5210,False
5211,True
5212,False
5213,False
5214,True
5215,True
5216,True
5217,False
5218,True
5219,False
5220,False
5221,True
5222,True
5223,False
5224,True
5225,True
5226,False
5227,False
5228,False
5229,False
5230,False
5231,True
5232,False
5233,False
5234,False
5235,True
5236,True
5237,True
5238,False
5239,True
5240,True
5241,True
5242,True
5243,True
5244,False
5245,False
5246,False
5247,True
5248,False
5249,False
5250,False
5251,True
5252,False
5253,False
5254,False
5255,True
5256,True
5257,True
5258,True
5259,False
5260,True
5261,True
5262,True
5263,True
5264,False
5265,False
5266,False
5267,False
5268,True
5269,False
5270,False
5271,True
5272,False
5273,False
5274,False
5275,True
5276,False
5277,True
5278,True
5279,True
5280,True
5281,False
5282,True
5283,True
5284,False
5285,True
5286,True
5287,True
5288,False
5289,False
5290,False
5291,False
5292,True
5293,True
5294,False
5295,True
5296,True
5297,True
5298,True
5299,True
5300,False
5301,True
5302,False
5303,False
5304,False
5305,False
5306,True
5307,False
5308,True
5309,False
5310,True
5311,False
5312,False
5313,False
5314,False
5315,False
5316,True
5317,False
5318,True
5319,False
5320,True
5321,False
5322,True
5323,True
5324,False
5325,False
5326,True
5327,True
5328,True
5329,True
5330,False
5331,True
5332,False
5333,True
5334,True
5335,False
5336,False
5337,False
5338,False
5339,True
5340,True
5341,True
5342,True
5343,True
5344,False
5345,False
5346,False
5347,False
5348,False
5349,True
5350,True
5351,True
5352,True
5353,False
5354,False
5355,True
5356,True
5357,True
5358,True
5359,True
5360,False
5361,True
5362,False
5363,True
5364,True
5365,False
5366,True
5367,True
5368,False
5369,False
5370,False
5371,True
5372,True
5373,True
5374,False
5375,True
5376,True
5377,True
5378,True
5379,True
5380,True
5381,True
5382,True
5383,False
5384,True
5385,False
5386,False
5387,True
5388,True
5389,False
5390,False
5391,True
5392,True
5393,False
5394,True
5395,False
5396,True
5397,True
5398,True
5399,True
5400,True
5401,True
5402,False
5403,True
5404,True
5405,True
5406,True
5407,True
5408,False
5409,True
5410,True
5411,True
5412,False
5413,True
5414,True
5415,True
5416,True
5417,True
5418,True
5419,True
5420,False
5421,True
5422,True
5423,False
5424,False
5425,False
5426,False
5427,True
5428,True
5429,True
5430,True
5431,True
5432,False
5433,True
5434,True
5435,True
5436,True
5437,True
5438,False
5439,True
5440,False
5441,False
5442,True
5443,True
5444,False
5445,False
5446,False
5447,False
5448,True
5449,False
5450,True
5451,False
5452,False
5453,False
5454,True
5455,True
5456,False
5457,True
5458,True
5459,False
5460,False
5461,True
5462,True
5463,True
5464,True
5465,False
5466,False
5467,True
5468,True
5469,True
5470,False
5471,True
5472,False
5473,True
5474,True
5475,False
5476,False
5477,False
5478,True
5479,True
5480,False
5481,True
5482,True
5483,False
5484,True
5485,False
5486,True
5487,True
5488,False
5489,False
5490,False
5491,False
5492,True
5493,False
5494,True
5495,False
5496,True
5497,False
5498,False
5499,False
5500,True
5501,True
5502,True
5503,True
5504,False
5505,False
5506,True
5507,True
5508,False
5509,False
5510,True
5511,False
5512,True
5513,True
5514,True
5515,True
5516,False
5517,True
5518,False
5519,False
5520,False
5521,False
5522,False
5523,True
5524,False
5525,True
5526,True
5527,True
5528,False
5529,False
5530,False
5531,True
5532,True
5533,True
5534,False
5535,True
5536,False
5537,True
5538,True
5539,False
5540,False
5541,True
5542,False
5543,True
5544,False
5545,False
5546,True
5547,False
5548,True
5549,False
5550,False
5551,True
5552,True
5553,True
5554,False
5555,False
5556,True
5557,True
5558,True
5559,False
5560,True
5561,False
5562,False
5563,True
5564,False
5565,True
5566,False
5567,False
5568,False
5569,True
5570,False
5571,False
5572,False
5573,True
5574,True
5575,False
5576,False
5577,True
5578,True
5579,True
5580,False
5581,False
5582,False
5583,False
5584,False
5585,False
5586,True
5587,True
5588,False
5589,False
5590,False
5591,True
5592,True
5593,True
5594,False
5595,False
5596,False
5597,False
5598,False
5599,False
5600,True
5601,True
5602,True
5603,True
5604,True
5605,False
5606,True
5607,False
5608,True
5609,False
5610,True
5611,False
5612,True
5613,True
5614,True
5615,True
5616,True
5617,False
5618,True
5619,False
5620,True
5621,True
5622,True
5623,True
5624,False
5625,False
5626,True
5627,False
5628,False
5629,True
5630,True
5631,True
5632,True
5633,False
5634,True
5635,False
5636,False
5637,True
5638,True
5639,True
5640,True
5641,True
5642,False
5643,True
5644,True
5645,False
5646,True
5647,False
5648,False
5649,True
5650,False
5651,True
5652,False
5653,True
5654,True
5655,False
5656,False
5657,False
5658,False
5659,False
5660,True
5661,True
5662,False
5663,True
5664,True
5665,False
5666,True
5667,False
5668,False
5669,True
5670,True
5671,False
5672,True
5673,False
5674,True
5675,True
5676,True
5677,True
5678,True
5679,False
5680,False
5681,True
5682,True
5683,True
5684,False
5685,True
5686,True
5687,True
5688,False
5689,True
5690,True
5691,True
5692,False
5693,True
5694,False
5695,False
5696,True
5697,False
5698,False
5699,True
5700,False
5701,False
5702,False
5703,True
5704,False
5705,False
5706,True
5707,False
5708,True
5709,False
5710,True
5711,False
5712,True
5713,False
5714,False
5715,True
5716,False
5717,False
5718,False
5719,False
5720,True
5721,True
5722,True
5723,False
5724,False
5725,True
5726,True
5727,False
5728,False
5729,False
5730,False
5731,False
5732,False
5733,True
5734,True
5735,False
5736,False
5737,False
5738,True
5739,True
5740,False
5741,False
5742,True
5743,True
5744,True
5745,True
5746,True
5747,True
5748,True
5749,True
5750,True
5751,False
5752,True
5753,True
5754,False
5755,True
5756,False
5757,True
5758,True
5759,False
5760,True
5761,False
5762,True
5763,False
5764,False
5765,False
5766,False
5767,True
5768,True
5769,True
5770,False
5771,False
5772,False
5773,True
5774,False
5775,False
5776,False
5777,False
5778,True
5779,False
5780,True
5781,True
5782,True
5783,True
5784,True
5785,True
5786,False
5787,False
5788,True
5789,False
5790,False
5791,True
5792,True
5793,True
5794,True
5795,True
5796,True
5797,True
5798,False
5799,True
5800,False
5801,False
5802,False
5803,True
5804,True
5805,True
5806,False
5807,True
5808,True
5809,True
5810,True
5811,True
5812,True
5813,False
5814,True
5815,False
5816,False
5817,True
5818,True
5819,False
5820,False
5821,False
5822,True
5823,True
5824,False
5825,False
5826,False
5827,True
5828,False
5829,False
5830,False
5831,True
5832,False
5833,False
5834,False
5835,True
5836,False
5837,False
5838,False
5839,True
5840,False
5841,False
5842,True
5843,True
5844,False
5845,True
5846,False
5847,False
5848,False
5849,True
5850,False
5851,False
5852,True
5853,False
5854,False
5855,False
5856,True
5857,False
5858,False
5859,False
5860,False
5861,True
5862,False
5863,False
5864,False
5865,True
5866,False
5867,True
5868,True
5869,False
5870,False
5871,False
5872,False
5873,True
5874,True
5875,False
5876,False
5877,True
5878,True
5879,False
5880,False
5881,True
5882,True
5883,False
5884,True
5885,False
5886,False
5887,True
5888,True
5889,False
5890,True
5891,False
5892,False
5893,False
5894,False
5895,True
5896,True
5897,False
5898,True
5899,True
5900,True
5901,False
5902,False
5903,False
5904,False
5905,False
5906,True
5907,True
5908,True
5909,True
5910,False
5911,False
5912,True
5913,False
5914,False
5915,True
5916,True
5917,False
5918,False
5919,True
5920,True
5921,False
5922,True
5923,True
5924,True
5925,False
5926,False
5927,False
5928,True
5929,True
5930,True
5931,True
5932,True
5933,False
5934,False
5935,False
5936,False
5937,True
5938,False
5939,False
5940,False
5941,False
5942,False
5943,False
5944,True
5945,True
5946,False
5947,False
5948,False
5949,True
5950,True
5951,False
5952,True
5953,False
5954,False
5955,False
5956,True
5957,False
5958,False
5959,False
5960,True
5961,True
5962,True
5963,False
5964,True
5965,True
5966,True
5967,True
5968,True
5969,True
5970,True
5971,False
5972,True
5973,True
5974,False
5975,False
5976,True
5977,False
5978,True
5979,True
5980,False
5981,True
5982,False
5983,False
5984,True
5985,True
5986,False
5987,False
5988,False
5989,True
5990,True
5991,False
5992,False
5993,True
5994,True
5995,False
5996,True
5997,True
5998,True
5999,False
6000,True
6001,False
6002,False
6003,False
6004,False
6005,False
6006,True
6007,True
6008,False
6009,True
6010,False
6011,False
6012,False
6013,True
6014,True
6015,False
6016,False
6017,False
6018,False
6019,True
6020,True
6021,True
6022,True
6023,False
6024,False
6025,True
6026,True
6027,True
6028,True
6029,False
6030,False
6031,False
6032,False
6033,False
6034,False
6035,False
6036,False
6037,False
6038,True
6039,True
6040,True
6041,False
6042,True
6043,True
6044,True
6045,False
6046,False
6047,True
6048,True
6049,False
6050,False
6051,True
6052,True
6053,False
6054,True
6055,True
6056,False
6057,True
6058,True
6059,True
6060,False
6061,False
6062,False
6063,True
6064,False
6065,True
6066,True
6067,False
6068,True
6069,False
6070,True
6071,False
6072,False
6073,True
6074,True
6075,False
6076,True
6077,True
6078,False
6079,False
6080,False
6081,False
6082,False
6083,True
6084,False
6085,False
6086,False
6087,True
6088,False
6089,True
6090,False
6091,True
6092,False
6093,True
6094,False
6095,True
6096,False
6097,False
6098,True
6099,True
6100,False
6101,True
6102,True
6103,True
6104,True
6105,False
6106,False
6107,True
6108,False
6109,False
6110,False
6111,False
6112,False
6113,True
6114,False
6115,False
6116,False
6117,True
6118,True
6119,False
6120,False
6121,True
6122,True
6123,False
6124,False
6125,True
6126,False
6127,True
6128,False
6129,False
6130,True
6131,False
6132,True
6133,False
6134,True
6135,False
6136,False
6137,True
6138,False
6139,False
6140,False
6141,False
6142,False
6143,False
6144,False
6145,False
6146,False
6147,False
6148,True
6149,False
6150,True
6151,False
6152,True
6153,True
6154,False
6155,False
6156,True
6157,False
6158,False
6159,False
6160,False
6161,True
6162,True
6163,True
6164,True
6165,False
6166,False
6167,True
6168,True
6169,True
6170,True
6171,False
6172,True
6173,True
6174,True
6175,True
6176,True
6177,False
6178,True
6179,True
6180,False
6181,True
6182,False
6183,False
6184,False
6185,True
6186,False
6187,True
6188,False
6189,False
6190,False
6191,False
6192,False
6193,True
6194,True
6195,False
6196,True
6197,True
6198,True
6199,True
6200,False
6201,False
6202,False
6203,True
6204,True
6205,True
6206,False
6207,True
6208,False
6209,True
6210,False
6211,False
6212,False
6213,True
6214,False
6215,True
6216,True
6217,True
6218,False
6219,False
6220,False
6221,True
6222,False
6223,True
6224,False
6225,True
6226,True
6227,False
6228,True
6229,False
6230,True
6231,True
6232,False
6233,False
6234,False
6235,False
6236,False
6237,False
6238,False
6239,False
6240,False
6241,False
6242,False
6243,True
6244,False
6245,True
6246,False
6247,False
6248,True
6249,True
6250,True
6251,False
6252,True
6253,True
6254,True
6255,False
6256,True
6257,True
6258,True
6259,True
6260,False
6261,False
6262,True
6263,False
6264,True
6265,True
6266,False
6267,False
6268,False
6269,False
6270,False
6271,False
6272,True
6273,True
6274,False
6275,False
6276,True
6277,False
6278,True
6279,False
6280,True
6281,True
6282,False
6283,True
6284,False
6285,False
6286,False
6287,True
6288,True
6289,False
6290,False
6291,True
6292,False
6293,False
6294,False
6295,False
6296,True
6297,True
6298,False
6299,True
6300,True
6301,True
6302,True
6303,False
6304,True
6305,False
6306,False
6307,True
6308,True
6309,True
6310,False
6311,False
6312,True
6313,False
6314,False
6315,True
6316,True
6317,True
6318,True
6319,False
6320,False
6321,True
6322,True
6323,False
6324,False
6325,False
6326,True
6327,True
6328,False
6329,False
6330,False
6331,True
6332,False
6333,False
6334,True
6335,False
6336,False
6337,False
6338,False
6339,True
6340,True
6341,True
6342,False
6343,False
6344,True
6345,False
6346,False
6347,False
6348,True
6349,True
6350,False
6351,False
6352,False
6353,True
6354,True
6355,False
6356,False
6357,True
6358,False
6359,True
6360,True
6361,True
6362,True
6363,False
6364,False
6365,False
6366,False
6367,True
6368,False
6369,True
6370,False
6371,False
6372,True
6373,False
6374,False
6375,True
6376,False
6377,False
6378,False
6379,False
6380,False
6381,False
6382,True
6383,False
6384,False
6385,True
6386,False
6387,False
6388,False
6389,False
6390,True
6391,True
6392,False
6393,False
6394,False
6395,False
6396,True
6397,False
6398,False
6399,True
6400,True
6401,True
6402,True
6403,True
6404,False
6405,False
6406,True
6407,True
6408,True
6409,False
6410,True
6411,True
6412,False
6413,True
6414,True
6415,False
6416,True
6417,True
6418,True
6419,True
6420,False
6421,True
6422,True
6423,True
6424,True
6425,True
6426,False
6427,True
6428,False
6429,True
6430,False
6431,True
6432,True
6433,True
6434,False
6435,False
6436,False
6437,False
6438,False
6439,True
6440,False
6441,False
6442,False
6443,False
6444,True
6445,False
6446,True
6447,False
6448,True
6449,False
6450,False
6451,True
6452,False
6453,False
6454,True
6455,False
6456,True
6457,False
6458,True
6459,False
6460,True
6461,True
6462,True
6463,False
6464,False
6465,True
6466,True
6467,False
6468,True
6469,True
6470,True
6471,True
6472,True
6473,False
6474,False
6475,True
6476,False
6477,False
6478,False
6479,True
6480,True
6481,False
6482,False
6483,False
6484,True
6485,False
6486,False
6487,True
6488,True
6489,False
6490,False
6491,True
6492,False
6493,False
6494,True
6495,True
6496,False
6497,False
6498,True
6499,True
6500,True
6501,False
6502,True
6503,True
6504,True
6505,False
6506,False
6507,True
6508,True
6509,True
6510,False
6511,False
6512,False
6513,True
6514,False
6515,True
6516,True
6517,False
6518,False
6519,True
6520,True
6521,False
6522,False
6523,False
6524,False
6525,False
6526,False
6527,True
6528,False
6529,True
6530,False
6531,False
6532,False
6533,False
6534,True
6535,True
6536,True
6537,True
6538,False
6539,True
6540,True
6541,False
6542,True
6543,False
6544,True
6545,False
6546,False
6547,True
6548,False
6549,True
6550,True
6551,True
6552,True
6553,True
6554,False
6555,False
6556,False
6557,False
6558,True
6559,False
6560,True
6561,False
6562,False
6563,True
6564,False
6565,True
6566,True
6567,True
6568,False
6569,True
6570,True
6571,False
6572,False
6573,True
6574,False
6575,True
6576,True
6577,False
6578,False
6579,True
6580,False
6581,False
6582,False
6583,True
6584,False
6585,True
6586,True
6587,False
6588,True
6589,False
6590,True
6591,False
6592,False
6593,False
6594,True
6595,True
6596,False
6597,True
6598,True
6599,False
6600,False
6601,True
6602,True
6603,False
6604,False
6605,True
6606,False
6607,True
6608,True
6609,False
6610,False
6611,True
6612,True
6613,False
6614,False
6615,True
6616,False
6617,False
6618,False
6619,False
6620,False
6621,False
6622,True
6623,True
6624,False
6625,True
6626,True
6627,False
6628,True
6629,True
6630,True
6631,True
6632,False
6633,False
6634,True
6635,False
6636,False
6637,False
6638,False
6639,False
6640,False
6641,True
6642,False
6643,False
6644,True
6645,True
6646,False
6647,False
6648,True
6649,False
6650,False
6651,False
6652,False
6653,True
6654,True
6655,True
6656,True
6657,False
6658,True
6659,True
6660,True
6661,False
6662,True
6663,True
6664,True
6665,True
6666,False
6667,True
6668,True
6669,True
6670,False
6671,True
6672,False
6673,True
6674,False
6675,False
6676,False
6677,False
6678,True
6679,True
6680,False
6681,False
6682,True
6683,True
6684,False
6685,False
6686,True
6687,False
6688,False
6689,True
6690,False
6691,False
6692,True
6693,False
6694,True
6695,True
6696,True
6697,True
6698,False
6699,False
6700,True
6701,True
6702,False
6703,False
6704,False
6705,False
6706,False
6707,False
6708,True
6709,False
6710,True
6711,False
6712,False
6713,False
6714,True
6715,False
6716,False
6717,False
6718,True
6719,True
6720,True
6721,False
6722,True
6723,True
6724,True
6725,True
6726,True
6727,False
6728,False
6729,True
6730,True
6731,True
6732,True
6733,True
6734,True
6735,True
6736,False
6737,False
6738,False
6739,True
6740,False
6741,False
6742,True
6743,True
6744,True
6745,True
6746,False
6747,False
6748,False
6749,True
6750,False
6751,True
6752,True
6753,False
6754,False
6755,True
6756,True
6757,True
6758,False
6759,True
6760,False
6761,True
6762,False
6763,False
6764,False
6765,True
6766,True
6767,False
6768,True
6769,False
6770,True
6771,False
6772,False
6773,True
6774,True
6775,False
6776,True
6777,True
6778,True
6779,False
6780,True
6781,True
6782,True
6783,True
6784,False
6785,True
6786,False
6787,True
6788,False
6789,False
6790,False
6791,False
6792,False
6793,True
6794,True
6795,True
6796,False
6797,False
6798,False
6799,True
6800,False
6801,False
6802,False
6803,False
6804,True
6805,False
6806,False
6807,True
6808,False
6809,True
6810,True
6811,False
6812,True
6813,False
6814,True
6815,True
6816,False
6817,False
6818,False
6819,False
6820,True
6821,False
6822,False
6823,True
6824,False
6825,False
6826,True
6827,True
6828,True
6829,False
6830,True
6831,True
6832,True
6833,True
6834,False
6835,False
6836,True
6837,True
6838,True
6839,True
6840,False
6841,True
6842,True
6843,True
6844,True
6845,True
6846,True
6847,True
6848,True
6849,False
6850,False
6851,False
6852,True
6853,False
6854,False
6855,True
6856,True
6857,True
6858,True
6859,False
6860,True
6861,False
6862,False
6863,False
6864,False
6865,True
6866,False
6867,False
6868,False
6869,False
6870,False
6871,True
6872,True
6873,False
6874,True
6875,False
6876,False
6877,True
6878,True
6879,False
6880,True
6881,True
6882,True
6883,False
6884,False
6885,False
6886,False
6887,True
6888,False
6889,True
6890,True
6891,False
6892,True
6893,False
6894,True
6895,False
6896,False
6897,False
6898,False
6899,False
6900,True
6901,True
6902,True
6903,True
6904,True
6905,True
6906,True
6907,False
6908,True
6909,False
6910,False
6911,False
6912,True
6913,True
6914,True
6915,True
6916,False
6917,True
6918,False
6919,True
6920,False
6921,False
6922,True
6923,True
6924,False
6925,False
6926,False
6927,False
6928,True
6929,False
6930,True
6931,True
6932,True
6933,False
6934,True
6935,True
6936,False
6937,False
6938,True
6939,True
6940,True
6941,False
6942,True
6943,False
6944,False
6945,False
6946,True
6947,True
6948,True
6949,True
6950,False
6951,False
6952,False
6953,True
6954,True
6955,True
6956,True
6957,False
6958,False
6959,True
6960,True
6961,True
6962,True
6963,False
6964,False
6965,False
6966,False
6967,True
6968,True
6969,True
6970,True
6971,True
6972,True
6973,True
6974,True
6975,False
6976,True
6977,False
6978,True
6979,True
6980,True
6981,True
6982,False
6983,True
6984,False
6985,True
6986,False
6987,False
6988,False
6989,True
6990,False
6991,False
6992,True
6993,False
6994,True
6995,False
6996,True
6997,True
6998,False
6999,False
7000,False
7001,True
7002,True
7003,False
7004,True
7005,False
7006,False
7007,True
7008,False
7009,True
7010,True
7011,True
7012,False
7013,False
7014,True
7015,False
7016,True
7017,False
7018,True
7019,False
7020,False
7021,False
7022,False
7023,False
7024,True
7025,True
7026,False
7027,False
7028,False
7029,False
7030,True
7031,True
7032,True
7033,False
7034,True
7035,False
7036,False
7037,True
7038,False
7039,True
7040,False
7041,False
7042,True
7043,False
7044,False
7045,True
7046,False
7047,True
7048,False
7049,False
7050,True
7051,False
7052,True
7053,False
7054,False
7055,False
7056,False
7057,False
7058,True
7059,True
7060,True
7061,True
7062,True
7063,True
7064,False
7065,False
7066,False
7067,False
7068,True
7069,False
7070,False
7071,True
7072,True
7073,False
7074,True
7075,True
7076,True
7077,False
7078,True
7079,False
7080,True
7081,True
7082,True
7083,True
7084,True
7085,True
7086,True
7087,False
7088,False
7089,False
7090,True
7091,False
7092,False
7093,False
7094,True
7095,True
7096,True
7097,False
7098,False
7099,False
7100,True
7101,True
7102,True
7103,False
7104,False
7105,False
7106,False
7107,False
7108,True
7109,False
7110,True
7111,True
7112,False
7113,False
7114,True
7115,False
7116,False
7117,True
7118,False
7119,False
7120,True
7121,False
7122,False
7123,False
7124,True
7125,False
7126,False
7127,True
7128,True
7129,True
7130,True
7131,False
7132,True
7133,True
7134,True
7135,False
7136,False
7137,False
7138,False
7139,False
7140,False
7141,False
7142,True
7143,True
7144,False
7145,True
7146,False
7147,False
7148,True
7149,True
7150,False
7151,False
7152,False
7153,True
7154,True
7155,True
7156,True
7157,False
7158,True
7159,False
7160,True
7161,True
7162,True
7163,True
7164,False
7165,False
7166,False
7167,False
7168,False
7169,True
7170,False
7171,True
7172,True
7173,False
7174,False
7175,False
7176,True
7177,False
7178,True
7179,True
7180,True
7181,True
7182,True
7183,True
7184,False
7185,False
7186,False
7187,False
7188,False
7189,True
7190,True
7191,False
7192,False
7193,True
7194,False
7195,False
7196,True
7197,True
7198,False
7199,True
7200,True
7201,False
7202,False
7203,True
7204,True
7205,False
7206,True
7207,False
7208,False
7209,True
7210,True
7211,True
7212,False
7213,True
7214,False
7215,False
7216,True
7217,False
7218,True
7219,False
7220,True
7221,True
7222,False
7223,True
7224,False
7225,False
7226,False
7227,False
7228,False
7229,True
7230,False
7231,False
7232,False
7233,True
7234,False
7235,True
7236,True
7237,True
7238,True
7239,False
7240,False
7241,True
7242,True
7243,False
7244,False
7245,True
7246,True
7247,True
7248,False
7249,True
7250,False
7251,False
7252,False
7253,True
7254,True
7255,False
7256,False
7257,True
7258,False
7259,True
7260,True
7261,False
7262,False
7263,False
7264,False
7265,True
7266,True
7267,True
7268,False
7269,False
7270,False
7271,False
7272,True
7273,True
7274,True
7275,False
7276,False
7277,False
7278,True
7279,False
7280,True
7281,False
7282,True
7283,True
7284,False
7285,False
7286,False
7287,True
7288,False
7289,False
7290,True
7291,True
7292,True
7293,True
7294,False
7295,True
7296,False
7297,True
7298,True
7299,True
7300,True
7301,False
7302,False
7303,True
7304,True
7305,False
7306,False
7307,True
7308,False
7309,False
7310,False
7311,False
7312,True
7313,True
7314,False
7315,True
7316,True
7317,False
7318,True
7319,False
7320,True
7321,False
7322,True
7323,True
7324,False
7325,False
7326,True
7327,True
7328,False
7329,True
7330,False
7331,False
7332,False
7333,True
7334,True
7335,True
7336,False
7337,True
7338,False
7339,True
7340,True
7341,True
7342,False
7343,True
7344,False
7345,True
7346,True
7347,True
7348,False
7349,False
7350,False
7351,False
7352,False
7353,True
7354,False
7355,False
7356,True
7357,True
7358,False
7359,True
7360,False
7361,False
7362,True
7363,False
7364,True
7365,False
7366,False
7367,True
7368,True
7369,False
7370,True
7371,True
7372,True
7373,False
7374,False
7375,False
7376,False
7377,False
7378,True
7379,True
7380,False
7381,True
7382,False
7383,True
7384,True
7385,True
7386,True
7387,True
7388,True
7389,False
7390,True
7391,True
7392,False
7393,True
7394,True
7395,False
7396,True
7397,False
7398,True
7399,True
7400,True
7401,False
7402,True
7403,False
7404,False
7405,False
7406,False
7407,True
7408,False
7409,False
7410,True
7411,True
7412,False
7413,False
7414,False
7415,True
7416,True
7417,True
7418,False
7419,False
7420,False
7421,False
7422,False
7423,True
7424,True
7425,False
7426,False
7427,True
7428,True
7429,True
7430,True
7431,True
7432,True
7433,False
7434,True
7435,True
7436,False
7437,True
7438,True
7439,False
7440,True
7441,False
7442,False
7443,True
7444,False
7445,True
7446,False
7447,False
7448,True
7449,False
7450,True
7451,False
7452,True
7453,False
7454,True
7455,False
7456,False
7457,True
7458,True
7459,False
7460,True
7461,True
7462,True
7463,False
7464,True
7465,True
7466,True
7467,True
7468,False
7469,True
7470,True
7471,True
7472,True
7473,False
7474,False
7475,True
7476,False
7477,True
7478,False
7479,True
7480,True
7481,True
7482,True
7483,True
7484,False
7485,True
7486,True
7487,False
7488,False
7489,False
7490,True
7491,False
7492,False
7493,True
7494,False
7495,False
7496,False
7497,True
7498,True
7499,False
7500,True
7501,False
7502,True
7503,False
7504,False
7505,True
7506,True
7507,False
7508,True
7509,False
7510,True
7511,False
7512,True
7513,False
7514,True
7515,False
7516,True
7517,True
7518,True
7519,True
7520,False
7521,True
7522,False
7523,False
7524,True
7525,True
7526,False
7527,True
7528,True
7529,True
7530,True
7531,False
7532,True
7533,False
7534,True
7535,False
7536,False
7537,False
7538,True
7539,False
7540,True
7541,True
7542,False
7543,False
7544,False
7545,True
7546,False
7547,False
7548,True
7549,True
7550,True
7551,False
7552,True
7553,False
7554,True
7555,False
7556,False
7557,False
7558,True
7559,False
7560,False
7561,True
7562,False
7563,False
7564,False
7565,True
7566,False
7567,False
7568,True
7569,True
7570,True
7571,True
7572,True
7573,False
7574,False
7575,True
7576,False
7577,True
7578,True
7579,True
7580,True
7581,True
7582,False
7583,True
7584,True
7585,False
7586,False
7587,True
7588,True
7589,True
7590,True
7591,False
7592,False
7593,False
7594,False
7595,False
7596,True
7597,True
7598,True
7599,True
7600,False
7601,True
7602,True
7603,False
7604,True
7605,True
7606,False
7607,True
7608,True
7609,True
7610,True
7611,True
7612,False
7613,True
7614,False
7615,False
7616,False
7617,False
7618,True
7619,False
7620,False
7621,True
7622,False
7623,False
7624,False
7625,False
7626,True
7627,True
7628,False
7629,False
7630,True
7631,True
7632,False
7633,True
7634,True
7635,True
7636,True
7637,True
7638,True
7639,False
7640,False
7641,False
7642,False
7643,False
7644,True
7645,True
7646,True
7647,False
7648,False
7649,False
7650,True
7651,False
7652,True
7653,True
7654,True
7655,False
7656,False
7657,True
7658,False
7659,False
7660,True
7661,False
7662,True
7663,False
7664,False
7665,True
7666,False
7667,False
7668,False
7669,True
7670,True
7671,True
7672,False
7673,False
7674,False
7675,False
7676,True
7677,False
7678,True
7679,True
7680,False
7681,False
7682,False
7683,False
7684,False
7685,True
7686,True
7687,True
7688,False
7689,False
7690,True
7691,True
7692,False
7693,False
7694,False
7695,True
7696,False
7697,False
7698,True
7699,True
7700,True
7701,True
7702,False
7703,True
7704,True
7705,True
7706,False
7707,True
7708,True
7709,False
7710,False
7711,True
7712,True
7713,False
7714,True
7715,False
7716,True
7717,True
7718,False
7719,True
7720,True
7721,True
7722,False
7723,True
7724,True
7725,False
7726,False
7727,False
7728,True
7729,True
7730,True
7731,True
7732,False
7733,True
7734,False
7735,True
7736,False
7737,False
7738,False
7739,True
7740,True
7741,False
7742,False
7743,True
7744,True
7745,True
7746,True
7747,False
7748,True
7749,False
7750,False
7751,True
7752,False
7753,True
7754,False
7755,True
7756,False
7757,True
7758,True
7759,True
7760,True
7761,False
7762,False
7763,True
7764,True
7765,False
7766,True
7767,False
7768,False
7769,True
7770,False
7771,False
7772,False
7773,False
7774,False
7775,True
7776,False
7777,True
7778,False
7779,True
7780,False
7781,True
7782,True
7783,True
7784,False
7785,True
7786,True
7787,False
7788,False
7789,False
7790,True
7791,False
7792,False
7793,False
7794,True
7795,False
7796,True
7797,True
7798,False
7799,True
7800,False
7801,False
7802,True
7803,True
7804,False
7805,False
7806,False
7807,True
7808,True
7809,False
7810,True
7811,True
7812,True
7813,False
7814,False
7815,True
7816,True
7817,False
7818,False
7819,False
7820,True
7821,True
7822,False
7823,True
7824,False
7825,True
7826,False
7827,True
7828,False
7829,True
7830,False
7831,True
7832,True
7833,False
7834,False
7835,False
7836,False
7837,False
7838,False
7839,False
7840,False
7841,False
7842,False
7843,False
7844,False
7845,False
7846,True
7847,True
7848,True
7849,True
7850,True
7851,True
7852,True
7853,False
7854,False
7855,False
7856,False
7857,True
7858,True
7859,True
7860,False
7861,True
7862,False
7863,False
7864,False
7865,False
7866,True
7867,True
7868,True
7869,False
7870,False
7871,False
7872,True
7873,False
7874,False
7875,False
7876,False
7877,True
7878,False
7879,False
7880,True
7881,True
7882,False
7883,True
7884,False
7885,True
7886,True
7887,True
7888,True
7889,False
7890,True
7891,False
7892,True
7893,False
7894,False
7895,False
7896,False
7897,False
7898,True
7899,False
7900,False
7901,False
7902,False
7903,False
7904,False
7905,False
7906,False
7907,False
7908,False
7909,True
7910,False
7911,True
7912,False
7913,False
7914,True
7915,True
7916,False
7917,False
7918,False
7919,False
7920,True
7921,False
7922,False
7923,True
7924,False
7925,True
7926,True
7927,False
7928,True
7929,True
7930,False
7931,True
7932,False
7933,False
7934,True
7935,False
7936,True
7937,True
7938,True
7939,True
7940,True
7941,False
7942,False
7943,True
7944,False
7945,False
7946,True
7947,False
7948,True
7949,True
7950,True
7951,False
7952,False
7953,True
7954,True
7955,False
7956,True
7957,True
7958,True
7959,True
7960,True
7961,True
7962,True
7963,True
7964,False
7965,False
7966,True
7967,True
7968,True
7969,False
7970,True
7971,False
7972,True
7973,False
7974,True
7975,False
7976,True
7977,True
7978,True
7979,True
7980,True
7981,False
7982,False
7983,True
7984,False
7985,False
7986,False
7987,True
7988,False
7989,False
7990,True
7991,False
7992,False
7993,False
7994,False
7995,False
7996,False
7997,False
7998,True
7999,True
8000,True
8001,True
8002,False
8003,True
8004,True
8005,True
8006,False
8007,False
8008,False
8009,True
8010,False
8011,True
8012,True
8013,False
8014,False
8015,False
8016,True
8017,False
8018,True
8019,True
8020,True
8021,False
8022,True
8023,True
8024,True
8025,True
8026,True
8027,True
8028,True
8029,True
8030,True
8031,True
8032,True
8033,False
8034,False
8035,True
8036,True
8037,True
8038,True
8039,True
8040,False
8041,False
8042,False
8043,True
8044,True
8045,False
8046,True
8047,False
8048,True
8049,True
8050,True
8051,True
8052,True
8053,True
8054,True
8055,False
8056,False
8057,True
8058,True
8059,False
8060,True
8061,True
8062,False
8063,True
8064,False
8065,True
8066,True
8067,True
8068,False
8069,False
8070,False
8071,False
8072,False
8073,True
8074,True
8075,False
8076,False
8077,False
8078,True
8079,True
8080,False
8081,True
8082,False
8083,True
8084,False
8085,True
8086,True
8087,False
8088,True
8089,False
8090,False
8091,True
8092,True
8093,True
8094,False
8095,True
8096,False
8097,True
8098,True
8099,True
8100,True
8101,False
8102,True
8103,True
8104,True
8105,True
8106,True
8107,True
8108,False
8109,True
8110,True
8111,True
8112,False
8113,True
8114,False
8115,True
8116,True
8117,True
8118,False
8119,True
8120,False
8121,False
8122,False
8123,True
8124,False
8125,False
8126,True
8127,True
8128,True
8129,True
8130,False
8131,False
8132,True
8133,False
8134,False
8135,True
8136,False
8137,False
8138,True
8139,True
8140,False
8141,True
8142,False
8143,False
8144,True
8145,False
8146,True
8147,False
8148,False
8149,False
8150,False
8151,False
8152,False
8153,False
8154,True
8155,True
8156,False
8157,False
8158,False
8159,True
8160,False
8161,True
8162,True
8163,False
8164,True
8165,False
8166,False
8167,True
8168,False
8169,True
8170,True
8171,True
8172,False
8173,False
8174,True
8175,False
8176,True
8177,True
8178,True
8179,False
8180,False
8181,False
8182,False
8183,False
8184,False
8185,False
8186,False
8187,True
8188,True
8189,True
8190,True
8191,False
8192,True
8193,True
8194,True
8195,True
8196,True
8197,True
8198,True
8199,False
8200,True
8201,True
8202,False
8203,True
8204,True
8205,False
8206,False
8207,True
8208,True
8209,True
8210,True
8211,False
8212,True
8213,False
8214,False
8215,True
8216,False
8217,True
8218,True
8219,True
8220,True
8221,False
8222,True
8223,True
8224,False
8225,True
8226,True
8227,True
8228,True
8229,False
8230,False
8231,True
8232,False
8233,True
8234,True
8235,False
8236,True
8237,False
8238,True
8239,True
8240,False
8241,False
8242,True
8243,True
8244,False
8245,True
8246,False
8247,False
8248,True
8249,True
8250,True
8251,False
8252,True
8253,False
8254,False
8255,True
8256,True
8257,True
8258,True
8259,False
8260,True
8261,False
8262,True
8263,False
8264,False
8265,False
8266,False
8267,True
8268,False
8269,True
8270,False
8271,False
8272,False
8273,False
8274,True
8275,True
8276,False
8277,True
8278,False
8279,False
8280,False
8281,False
8282,False
8283,True
8284,False
8285,True
8286,True
8287,False
8288,True
8289,True
8290,False
8291,True
8292,True
8293,True
8294,True
8295,True
8296,True
8297,True
8298,False
8299,False
8300,True
8301,True
8302,False
8303,True
8304,False
8305,False
8306,True
8307,False
8308,True
8309,True
8310,False
8311,True
8312,True
8313,True
8314,True
8315,True
8316,False
8317,False
8318,False
8319,False
8320,False
8321,True
8322,False
8323,False
8324,False
8325,False
8326,True
8327,False
8328,True
8329,False
8330,False
8331,False
8332,False
8333,True
8334,True
8335,False
8336,True
8337,False
8338,True
8339,False
8340,False
8341,False
8342,False
8343,True
8344,True
8345,False
8346,True
8347,False
8348,False
8349,False
8350,False
8351,False
8352,False
8353,True
8354,True
8355,True
8356,False
8357,False
8358,True
8359,False
8360,False
8361,False
8362,True
8363,True
8364,True
8365,False
8366,True
8367,True
8368,True
8369,True
8370,True
8371,True
8372,False
8373,False
8374,False
8375,True
8376,True
8377,True
8378,False
8379,True
8380,True
8381,False
8382,False
8383,True
8384,True
8385,True
8386,True
8387,False
8388,False
8389,False
8390,False
8391,False
8392,True
8393,True
8394,False
8395,True
8396,False
8397,True
8398,False
8399,False
8400,True
8401,False
8402,False
8403,True
8404,True
8405,False
8406,False
8407,True
8408,True
8409,True
8410,False
8411,False
8412,True
8413,True
8414,False
8415,True
8416,True
8417,True
8418,False
8419,True
8420,True
8421,True
8422,False
8423,False
8424,True
8425,False
8426,True
8427,False
8428,False
8429,False
8430,False
8431,False
8432,True
8433,False
8434,True
8435,False
8436,True
8437,False
8438,False
8439,False
8440,False
8441,True
8442,True
8443,True
8444,False
8445,True
8446,False
8447,False
8448,False
8449,False
8450,True
8451,False
8452,False
8453,False
8454,False
8455,False
8456,True
8457,False
8458,True
8459,True
8460,False
8461,False
8462,True
8463,False
8464,False
8465,True
8466,True
8467,True
8468,False
8469,True
8470,False
8471,False
8472,True
8473,False
8474,False
8475,False
8476,False
8477,True
8478,False
8479,False
8480,True
8481,False
8482,False
8483,False
8484,True
8485,True
8486,True
8487,True
8488,True
8489,True
8490,False
8491,True
8492,True
8493,True
8494,True
8495,True
8496,False
8497,True
8498,True
8499,False
8500,False
8501,True
8502,False
8503,False
8504,False
8505,False
8506,True
8507,False
8508,False
8509,False
8510,True
8511,False
8512,False
8513,True
8514,False
8515,False
8516,False
8517,True
8518,True
8519,True
8520,True
8521,True
8522,False
8523,True
8524,False
8525,False
8526,False
8527,False
8528,True
8529,True
8530,False
8531,False
8532,True
8533,True
8534,True
8535,True
8536,True
8537,True
8538,False
8539,False
8540,False
8541,True
8542,False
8543,False
8544,False
8545,True
8546,True
8547,False
8548,False
8549,True
8550,True
8551,False
8552,True
8553,False
8554,False
8555,False
8556,True
8557,False
8558,False
8559,True
8560,False
8561,False
8562,True
8563,False
8564,False
8565,False
8566,False
8567,False
8568,False
8569,True
8570,True
8571,True
8572,False
8573,True
8574,False
8575,True
8576,False
8577,True
8578,True
8579,False
8580,False
8581,False
8582,True
8583,True
8584,False
8585,True
8586,True
8587,True
8588,False
8589,False
8590,False
8591,True
8592,True
8593,False
8594,True
8595,False
8596,True
8597,False
8598,True
8599,False
8600,True
8601,True
8602,True
8603,False
8604,True
8605,True
8606,True
8607,False
8608,True
8609,True
8610,False
8611,True
8612,False
8613,False
8614,True
8615,False
8616,True
8617,True
8618,True
8619,False
8620,False
8621,False
8622,False
8623,True
8624,True
8625,True
8626,False
8627,True
8628,True
8629,False
8630,False
8631,True
8632,False
8633,True
8634,False
8635,True
8636,True
8637,True
8638,True
8639,True
8640,False
8641,False
8642,True
8643,False
8644,False
8645,False
8646,False
8647,False
8648,True
8649,False
8650,True
8651,True
8652,False
8653,False
8654,False
8655,False
8656,True
8657,False
8658,True
8659,True
8660,False
8661,False
8662,True
8663,True
8664,True
8665,False
8666,True
8667,False
8668,True
8669,False
8670,False
8671,False
8672,True
8673,False
8674,False
8675,False
8676,True
8677,True
8678,True
8679,False
8680,False
8681,False
8682,True
8683,False
8684,False
8685,False
8686,True
8687,True
8688,True
8689,True
8690,False
8691,True
8692,True
8693,True
8694,True
8695,True
8696,False
8697,True
8698,True
8699,False
8700,False
8701,False
8702,False
8703,False
8704,False
8705,False
8706,True
8707,False
8708,False
8709,True
8710,True
8711,False
8712,True
8713,False
8714,False
8715,False
8716,False
8717,True
8718,False
8719,False
8720,False
8721,False
8722,True
8723,True
8724,False
8725,False
8726,True
8727,True
8728,True
8729,True
8730,True
8731,False
8732,True
8733,True
8734,True
8735,True
8736,True
8737,False
8738,True
8739,True
8740,True
8741,False
8742,False
8743,False
8744,True
8745,False
8746,True
8747,False
8748,False
8749,False
8750,False
8751,False
8752,True
8753,True
8754,False
8755,True
8756,False
8757,False
8758,False
8759,True
8760,False
8761,True
8762,True
8763,False
8764,False
8765,False
8766,True
8767,False
8768,True
8769,True
8770,False
8771,False
8772,False
8773,False
8774,False
8775,True
8776,True
8777,False
8778,False
8779,True
8780,False
8781,False
8782,True
8783,False
8784,False
8785,True
8786,True
8787,False
8788,True
8789,False
8790,True
8791,True
8792,False
8793,True
8794,True
8795,True
8796,True
8797,True
8798,False
8799,True
8800,True
8801,False
8802,True
8803,True
8804,True
8805,True
8806,False
8807,True
8808,False
8809,True
8810,True
8811,True
8812,False
8813,False
8814,False
8815,False
8816,True
8817,False
8818,True
8819,False
8820,True
8821,True
8822,False
8823,True
8824,False
8825,True
8826,True
8827,True
8828,True
8829,True
8830,False
8831,False
8832,True
8833,False
8834,False
8835,True
8836,True
8837,False
8838,True
8839,False
8840,True
8841,False
8842,True
8843,False
8844,True
8845,False
8846,False
8847,False
8848,False
8849,True
8850,True
8851,True
8852,False
8853,False
8854,True
8855,False
8856,False
8857,False
8858,False
8859,True
8860,True
8861,False
8862,False
8863,True
8864,True
8865,False
8866,False
8867,False
8868,False
8869,True
8870,False
8871,True
8872,True
8873,True
8874,False
8875,False
8876,True
8877,False
8878,False
8879,False
8880,True
8881,True
8882,False
8883,True
8884,True
8885,False
8886,True
8887,True
8888,False
8889,False
8890,False
8891,True
8892,False
8893,True
8894,False
8895,False
8896,False
8897,True
8898,True
8899,True
8900,True
8901,False
8902,False
8903,False
8904,False
8905,True
8906,True
8907,True
8908,True
8909,False
8910,False
8911,True
8912,False
8913,False
8914,False
8915,False
8916,False
8917,False
8918,True
8919,True
8920,True
8921,True
8922,False
8923,False
8924,True
8925,False
8926,False
8927,False
8928,False
8929,False
8930,False
8931,True
8932,True
8933,False
8934,True
8935,False
8936,False
8937,True
8938,False
8939,True
8940,True
8941,False
8942,True
8943,True
8944,False
8945,True
8946,False
8947,False
8948,False
8949,True
8950,True
8951,True
8952,False
8953,False
8954,False
8955,False
8956,True
8957,True
8958,True
8959,True
8960,False
8961,True
8962,False
8963,False
8964,True
8965,True
8966,True
8967,True
8968,True
8969,False
8970,False
8971,True
8972,False
8973,True
8974,True
8975,True
8976,False
8977,False
8978,False
8979,True
8980,True
8981,True
8982,True
8983,True
8984,False
8985,False
8986,True
8987,False
8988,False
8989,False
8990,False
8991,True
8992,False
8993,True
8994,True
8995,False
8996,True
8997,True
8998,True
8999,False
9000,False
9001,True
9002,True
9003,True
9004,True
9005,True
9006,True
9007,False
9008,False
9009,False
9010,False
9011,True
9012,True
9013,False
9014,False
9015,True
9016,False
9017,False
9018,True
9019,False
9020,True
9021,False
9022,False
9023,True
9024,True
9025,False
9026,True
9027,False
9028,False
9029,True
9030,True
9031,False
9032,False
9033,False
9034,False
9035,False
9036,True
9037,False
9038,False
9039,False
9040,False
9041,False
9042,True
9043,False
9044,False
9045,True
9046,True
9047,False
9048,False
9049,False
9050,False
9051,True
9052,True
9053,True
9054,False
9055,True
9056,True
9057,True
9058,True
9059,False
9060,True
9061,True
9062,True
9063,True
9064,True
9065,False
9066,True
9067,True
9068,False
9069,True
9070,True
9071,True
9072,False
9073,True
9074,True
9075,True
9076,False
9077,False
9078,False
9079,True
9080,True
9081,True
9082,False
9083,False
9084,True
9085,True
9086,False
9087,False
9088,True
9089,False
9090,False
9091,False
9092,True
9093,True
9094,False
9095,True
9096,False
9097,True
9098,True
9099,True
9100,True
9101,False
9102,True
9103,True
9104,True
9105,False
9106,False
9107,False
9108,False
9109,True
9110,True
9111,True
9112,True
9113,False
9114,False
9115,False
9116,False
9117,True
9118,True
9119,False
9120,False
9121,False
9122,True
9123,False
9124,False
9125,False
9126,True
9127,False
9128,False
9129,False
9130,False
9131,True
9132,False
9133,False
9134,False
9135,False
9136,False
9137,False
9138,False
9139,True
9140,True
9141,False
9142,True
9143,True
9144,False
9145,True
9146,True
9147,True
9148,False
9149,False
9150,False
9151,True
9152,True
9153,True
9154,True
9155,False
9156,False
9157,False
9158,True
9159,True
9160,True
9161,True
9162,True
9163,False
9164,True
9165,False
9166,False
9167,True
9168,True
9169,False
9170,True
9171,True
9172,False
9173,False
9174,False
9175,False
9176,False
9177,False
9178,False
9179,True
9180,True
9181,True
9182,True
9183,True
9184,False
9185,True
9186,False
9187,False
9188,True
9189,True
9190,False
9191,True
9192,False
9193,False
9194,False
9195,False
9196,False
9197,True
9198,False
9199,False
9200,False
9201,False
9202,True
9203,False
9204,False
9205,False
9206,True
9207,False
9208,False
9209,False
9210,False
9211,False
9212,True
9213,True
9214,False
9215,False
9216,True
9217,True
9218,True
9219,False
9220,False
9221,False
9222,False
9223,True
9224,True
9225,True
9226,False
9227,False
9228,False
9229,True
9230,True
9231,True
9232,True
9233,True
9234,False
9235,False
9236,True
9237,False
9238,True
9239,False
9240,True
9241,True
9242,False
9243,True
9244,False
9245,True
9246,False
9247,True
9248,False
9249,False
9250,False
9251,False
9252,True
9253,True
9254,False
9255,True
9256,True
9257,False
9258,True
9259,True
9260,False
9261,True
9262,True
9263,True
9264,True
9265,True
9266,True
9267,False
9268,False
9269,True
9270,False
9271,True
9272,False
9273,False
9274,True
9275,True
9276,True
9277,True
9278,False
9279,True
9280,True
9281,True
9282,True
9283,True
9284,True
9285,True
9286,False
9287,True
9288,True
9289,True
9290,True
9291,True
9292,True
9293,False
9294,True
9295,True
9296,True
9297,True
9298,False
9299,True
9300,False
9301,False
9302,False
9303,False
9304,True
9305,False
9306,False
9307,True
9308,True
9309,True
9310,True
9311,False
9312,True
9313,True
9314,True
9315,False
9316,True
9317,True
9318,False
9319,False
9320,True
9321,True
9322,False
9323,False
9324,False
9325,False
9326,True
9327,True
9328,True
9329,True
9330,True
9331,False
9332,True
9333,False
9334,False
9335,True
9336,True
9337,False
9338,True
9339,True
9340,True
9341,True
9342,True
9343,True
9344,True
9345,True
9346,False
9347,True
9348,True
9349,False
9350,False
9351,True
9352,True
9353,True
9354,False
9355,False
9356,True
9357,False
9358,True
9359,True
9360,False
9361,False
9362,False
9363,True
9364,False
9365,False
9366,False
9367,True
9368,True
9369,False
9370,True
9371,True
9372,False
9373,True
9374,True
9375,True
9376,True
9377,False
9378,False
9379,False
9380,False
9381,True
9382,True
9383,False
9384,True
9385,False
9386,False
9387,True
9388,False
9389,True
9390,True
9391,False
9392,True
9393,False
9394,False
9395,True
9396,True
9397,False
9398,True
9399,False
9400,False
9401,True
9402,False
9403,True
9404,True
9405,True
9406,True
9407,True
9408,True
9409,True
9410,False
9411,False
9412,False
9413,True
9414,True
9415,False
9416,False
9417,False
9418,True
9419,False
9420,False
9421,True
9422,False
9423,True
9424,False
9425,False
9426,False
9427,False
9428,True
9429,False
9430,True
9431,True
9432,False
9433,False
9434,True
9435,True
9436,False
9437,True
9438,False
9439,True
9440,True
9441,True
9442,False
9443,True
9444,False
9445,False
9446,False
9447,True
9448,False
9449,True
9450,True
9451,False
9452,False
9453,False
9454,False
9455,True
9456,False
9457,False
9458,True
9459,False
9460,True
9461,True
9462,False
9463,True
9464,True
9465,True
9466,False
9467,False
9468,False
9469,True
9470,True
9471,True
9472,True
9473,False
9474,True
9475,True
9476,False
9477,True
9478,False
9479,True
9480,True
9481,False
9482,False
9483,False
9484,False
9485,False
9486,True
9487,False
9488,False
9489,False
9490,True
9491,False
9492,False
9493,True
9494,True
9495,True
9496,True
9497,True
9498,False
9499,True
9500,False
9501,True
9502,False
9503,False
9504,True
9505,True
9506,False
9507,False
9508,False
9509,True
9510,False
9511,True
9512,False
9513,True
9514,False
9515,True
9516,True
9517,False
9518,False
9519,True
9520,True
9521,False
9522,True
9523,False
9524,False
9525,True
9526,True
9527,False
9528,True
9529,False
9530,True
9531,True
9532,False
9533,True
9534,True
9535,True
9536,True
9537,True
9538,False
9539,True
9540,True
9541,False
9542,True
9543,True
9544,True
9545,False
9546,True
9547,True
9548,True
9549,False
9550,True
9551,False
9552,True
9553,False
9554,False
9555,True
9556,True
9557,True
9558,False
9559,False
9560,True
9561,False
9562,False
9563,True
9564,False
9565,True
9566,True
9567,True
9568,True
9569,True
9570,False
9571,False
9572,True
9573,True
9574,False
9575,True
9576,False
9577,True
9578,False
9579,True
9580,False
9581,False
9582,True
9583,True
9584,True
9585,True
9586,True
9587,True
9588,True
9589,False
9590,True
9591,True
9592,False
9593,False
9594,False
9595,False
9596,True
9597,True
9598,True
9599,True
9600,False
9601,True
9602,False
9603,False
9604,False
9605,False
9606,False
9607,False
9608,True
9609,True
9610,False
9611,True
9612,True
9613,False
9614,False
9615,False
9616,True
9617,True
9618,True
9619,False
9620,False
9621,True
9622,True
9623,True
9624,False
9625,True
9626,True
9627,False
9628,False
9629,False
9630,True
9631,True
9632,True
9633,True
9634,True
9635,False
9636,False
9637,True
9638,False
9639,False
9640,False
9641,True
9642,True
9643,False
9644,False
9645,False
9646,True
9647,False
9648,True
9649,True
9650,True
9651,True
9652,False
9653,True
9654,False
9655,True
9656,False
9657,True
9658,True
9659,False
9660,True
9661,False
9662,True
9663,True
9664,True
9665,False
9666,True
9667,False
9668,True
9669,False
9670,True
9671,False
9672,True
9673,False
9674,True
9675,False
9676,False
9677,False
9678,False
9679,False
9680,True
9681,False
9682,False
9683,False
9684,True
9685,True
9686,False
9687,False
9688,True
9689,True
9690,False
9691,False
9692,True
9693,True
9694,False
9695,False
9696,True
9697,True
9698,False
9699,True
9700,False
9701,True
9702,True
9703,False
9704,True
9705,True
9706,True
9707,False
9708,True
9709,False
9710,True
9711,False
9712,True
9713,False
9714,True
9715,True
9716,True
9717,True
9718,False
9719,True
9720,True
9721,False
9722,True
9723,True
9724,True
9725,False
9726,False
9727,False
9728,False
9729,False
9730,True
9731,False
9732,False
9733,False
9734,False
9735,True
9736,False
9737,False
9738,True
9739,False
9740,True
9741,False
9742,True
9743,True
9744,True
9745,True
9746,False
9747,False
9748,True
9749,False
9750,False
9751,False
9752,False
9753,False
9754,False
9755,True
9756,True
9757,True
9758,False
9759,True
9760,False
9761,True
9762,False
9763,True
9764,True
9765,False
9766,False
9767,True
9768,True
9769,False
9770,False
9771,True
9772,False
9773,False
9774,True
9775,True
9776,True
9777,True
9778,False
9779,True
9780,False
9781,True
9782,False
9783,True
9784,True
9785,False
9786,True
9787,True
9788,False
9789,True
9790,True
9791,True
9792,False
9793,False
9794,False
9795,False
9796,True
9797,True
9798,True
9799,True
9800,False
9801,False
9802,False
9803,False
9804,True
9805,False
9806,False
9807,True
9808,True
9809,False
9810,False
9811,True
9812,True
9813,True
9814,True
9815,False
9816,False
9817,True
9818,True
9819,True
9820,True
9821,True
9822,True
9823,False
9824,True
9825,True
9826,True
9827,False
9828,False
9829,False
9830,False
9831,False
9832,False
9833,True
9834,True
9835,False
9836,False
9837,True
9838,True
9839,True
9840,True
9841,True
9842,False
9843,True
9844,False
9845,False
9846,False
9847,True
9848,True
9849,False
9850,True
9851,False
9852,True
9853,False
9854,False
9855,False
9856,True
9857,False
9858,False
9859,True
9860,True
9861,False
9862,True
9863,True
9864,True
9865,False
9866,True
9867,True
9868,False
9869,False
9870,False
9871,True
9872,True
9873,True
9874,True
9875,True
9876,True
9877,True
9878,False
9879,True
9880,True
9881,False
9882,True
9883,False
9884,False
9885,False
9886,False
9887,True
9888,True
9889,True
9890,False
9891,True
9892,True
9893,True
9894,True
9895,True
9896,False
9897,True
9898,False
9899,True
9900,False
9901,True
9902,True
9903,True
9904,True
9905,True
9906,True
9907,True
9908,True
9909,True
9910,False
9911,True
9912,False
9913,False
9914,False
9915,True
9916,False
9917,True
9918,True
9919,True
9920,True
9921,True
9922,True
9923,False
9924,True
9925,True
9926,True
9927,False
9928,True
9929,False
9930,True
9931,True
9932,False
9933,True
9934,True
9935,True
9936,True
9937,True
9938,True
9939,True
9940,False
9941,False
9942,True
9943,False
9944,True
9945,False
9946,True
9947,True
9948,False
9949,True
9950,True
9951,False
9952,False
9953,False
9954,True
9955,True
9956,False
9957,False
9958,True
9959,True
9960,True
9961,True
9962,True
9963,True
9964,True
9965,False
9966,True
9967,True
9968,False
9969,True
9970,False
9971,True
9972,False
9973,False
9974,True
9975,False
9976,False
9977,True
9978,False
9979,True
9980,True
9981,True
9982,False
9983,False
9984,True
9985,False
9986,True
9987,True
9988,True
9989,False
9990,True
9991,True
9992,True
9993,False
9994,False
9995,True
9996,True
9997,True
9998,True
9999,False
