ID,is_correct
0,True
1,True
2,True
3,False
4,True
5,True
6,False
7,True
8,False
9,True
10,True
11,True
12,True
13,True
14,False
15,True
16,True
17,True
18,True
19,True
20,True
21,True
22,True
23,True
24,False
25,True
26,True
27,True
28,True
29,False
30,False
31,True
32,False
33,True
34,True
35,True
36,True
37,True
38,True
39,True
40,False
41,False
42,True
43,True
44,True
45,True
46,True
47,True
48,True
49,False
50,True
51,True
52,False
53,True
54,True
55,True
56,True
57,True
58,True
59,False
60,True
61,True
62,True
63,True
64,True
65,True
66,True
67,False
68,True
69,True
70,True
71,True
72,True
73,True
74,True
75,True
76,True
77,False
78,True
79,True
80,False
81,True
82,True
83,False
84,True
85,True
86,True
87,True
88,True
89,True
90,True
91,True
92,True
93,True
94,True
95,True
96,True
97,True
98,False
99,True
100,True
101,True
102,False
103,True
104,True
105,True
106,True
107,True
108,True
109,True
110,True
111,True
112,True
113,False
114,True
115,True
116,False
117,True
118,True
119,True
120,False
121,False
122,True
123,True
124,False
125,True
126,True
127,False
128,False
129,True
130,True
131,True
132,True
133,True
134,True
135,True
136,False
137,True
138,True
139,False
140,True
141,False
142,True
143,True
144,False
145,True
146,True
147,True
148,True
149,True
150,False
151,True
152,True
153,True
154,True
155,False
156,True
157,False
158,False
159,False
160,True
161,True
162,True
163,True
164,True
165,True
166,True
167,False
168,True
169,False
170,True
171,True
172,True
173,True
174,True
175,True
176,False
177,True
178,False
179,True
180,False
181,True
182,False
183,True
184,False
185,True
186,True
187,True
188,True
189,True
190,False
191,True
192,False
193,True
194,True
195,True
196,True
197,True
198,True
199,True
200,True
201,False
202,True
203,False
204,True
205,False
206,True
207,False
208,True
209,True
210,True
211,False
212,True
213,True
214,False
215,True
216,False
217,True
218,True
219,True
220,False
221,False
222,False
223,True
224,False
225,True
226,True
227,True
228,True
229,True
230,False
231,True
232,False
233,True
234,True
235,True
236,True
237,True
238,True
239,False
240,True
241,True
242,True
243,True
244,True
245,True
246,True
247,True
248,False
249,True
250,False
251,True
252,True
253,True
254,True
255,False
256,True
257,True
258,False
259,True
260,True
261,True
262,False
263,True
264,False
265,True
266,True
267,True
268,True
269,True
270,True
271,True
272,True
273,True
274,True
275,True
276,True
277,True
278,True
279,False
280,False
281,False
282,True
283,False
284,True
285,True
286,True
287,True
288,False
289,True
290,False
291,False
292,True
293,True
294,True
295,False
296,True
297,False
298,True
299,True
300,False
301,True
302,True
303,True
304,False
305,True
306,True
307,True
308,True
309,True
310,True
311,True
312,True
313,False
314,True
315,False
316,True
317,False
318,True
319,True
320,True
321,True
322,True
323,True
324,True
325,False
326,False
327,True
328,True
329,True
330,True
331,False
332,True
333,True
334,True
335,False
336,True
337,True
338,True
339,True
340,False
341,False
342,True
343,True
344,True
345,True
346,True
347,True
348,True
349,True
350,False
351,True
352,True
353,True
354,True
355,True
356,True
357,True
358,True
359,True
360,True
361,True
362,True
363,False
364,False
365,False
366,False
367,True
368,True
369,True
370,True
371,True
372,True
373,True
374,True
375,True
376,True
377,True
378,True
379,True
380,False
381,True
382,True
383,True
384,True
385,False
386,False
387,True
388,True
389,True
390,True
391,False
392,False
393,False
394,True
395,False
396,True
397,False
398,True
399,True
400,True
401,True
402,True
403,True
404,True
405,False
406,True
407,True
408,True
409,True
410,False
411,True
412,True
413,False
414,True
415,False
416,True
417,True
418,True
419,True
420,True
421,True
422,True
423,False
424,True
425,True
426,True
427,True
428,True
429,True
430,True
431,True
432,True
433,True
434,False
435,True
436,True
437,False
438,True
439,True
440,False
441,False
442,True
443,True
444,True
445,False
446,True
447,True
448,True
449,True
450,True
451,True
452,True
453,False
454,False
455,True
456,False
457,True
458,True
459,True
460,True
461,True
462,True
463,True
464,True
465,True
466,True
467,False
468,True
469,True
470,True
471,False
472,True
473,True
474,True
475,True
476,True
477,True
478,True
479,True
480,True
481,True
482,False
483,True
484,True
485,True
486,False
487,True
488,True
489,True
490,True
491,True
492,True
493,True
494,True
495,False
496,True
497,True
498,True
499,True
500,True
501,False
502,True
503,True
504,False
505,True
506,True
507,True
508,True
509,False
510,True
511,True
512,True
513,False
514,False
515,True
516,False
517,True
518,True
519,True
520,False
521,True
522,True
523,True
524,True
525,True
526,False
527,False
528,True
529,False
530,True
531,True
532,True
533,True
534,False
535,True
536,True
537,False
538,False
539,True
540,True
541,True
542,True
543,True
544,True
545,True
546,True
547,True
548,True
549,True
550,False
551,True
552,True
553,True
554,True
555,True
556,False
557,True
558,True
559,True
560,False
561,True
562,True
563,False
564,True
565,True
566,True
567,True
568,True
569,True
570,True
571,True
572,True
573,True
574,True
575,False
576,True
577,True
578,True
579,True
580,False
581,True
582,True
583,True
584,True
585,True
586,False
587,True
588,True
589,True
590,True
591,True
592,False
593,False
594,True
595,False
596,True
597,True
598,False
599,True
600,True
601,True
602,False
603,True
604,True
605,True
606,True
607,True
608,True
609,True
610,True
611,True
612,True
613,True
614,False
615,True
616,False
617,True
618,True
619,True
620,True
621,True
622,True
623,True
624,True
625,True
626,True
627,True
628,True
629,True
630,True
631,True
632,False
633,True
634,True
635,True
636,True
637,True
638,False
639,True
640,True
641,False
642,True
643,True
644,False
645,True
646,True
647,True
648,True
649,True
650,False
651,True
652,True
653,False
654,True
655,True
656,True
657,True
658,False
659,True
660,False
661,True
662,True
663,True
664,True
665,True
666,True
667,False
668,True
669,True
670,True
671,True
672,True
673,True
674,True
675,False
676,False
677,True
678,True
679,False
680,True
681,False
682,True
683,False
684,True
685,False
686,True
687,True
688,True
689,True
690,False
691,True
692,False
693,True
694,True
695,True
696,True
697,True
698,True
699,True
700,True
701,True
702,True
703,True
704,True
705,True
706,True
707,True
708,True
709,True
710,True
711,True
712,True
713,True
714,True
715,True
716,True
717,False
718,True
719,True
720,True
721,True
722,True
723,True
724,True
725,True
726,False
727,True
728,True
729,True
730,True
731,False
732,True
733,True
734,True
735,True
736,True
737,True
738,True
739,True
740,True
741,True
742,True
743,True
744,True
745,True
746,True
747,False
748,True
749,True
750,False
751,False
752,True
753,True
754,True
755,True
756,True
757,True
758,True
759,True
760,True
761,True
762,True
763,False
764,True
765,False
766,True
767,True
768,True
769,True
770,True
771,True
772,True
773,True
774,True
775,False
776,True
777,False
778,True
779,True
780,True
781,True
782,True
783,True
784,True
785,False
786,True
787,False
788,True
789,False
790,True
791,True
792,False
793,True
794,True
795,True
796,True
797,True
798,True
799,True
800,True
801,False
802,False
803,True
804,True
805,True
806,True
807,True
808,True
809,False
810,True
811,True
812,True
813,True
814,True
815,True
816,False
817,True
818,True
819,True
820,True
821,True
822,True
823,False
824,True
825,True
826,True
827,True
828,True
829,False
830,True
831,True
832,True
833,False
834,True
835,True
836,True
837,True
838,True
839,True
840,True
841,False
842,True
843,True
844,True
845,False
846,False
847,False
848,True
849,True
850,True
851,True
852,False
853,True
854,True
855,True
856,False
857,True
858,True
859,True
860,True
861,False
862,False
863,True
864,False
865,False
866,True
867,True
868,True
869,True
870,False
871,True
872,True
873,True
874,True
875,True
876,False
877,True
878,True
879,False
880,True
881,True
882,True
883,True
884,False
885,True
886,True
887,False
888,True
889,True
890,False
891,True
892,True
893,True
894,True
895,True
896,True
897,True
898,True
899,False
900,True
901,True
902,True
903,False
904,False
905,True
906,True
907,True
908,True
909,True
910,False
911,True
912,True
913,True
914,True
915,True
916,True
917,False
918,True
919,True
920,False
921,True
922,True
923,True
924,True
925,True
926,True
927,True
928,True
929,True
930,True
931,False
932,True
933,True
934,True
935,True
936,True
937,True
938,False
939,True
940,False
941,True
942,True
943,True
944,True
945,True
946,True
947,True
948,False
949,True
950,True
951,True
952,False
953,True
954,True
955,True
956,True
957,True
958,False
959,True
960,True
961,False
962,False
963,False
964,False
965,True
966,True
967,True
968,True
969,True
970,True
971,True
972,True
973,True
974,False
975,False
976,True
977,True
978,True
979,False
980,False
981,False
982,True
983,True
984,True
985,False
986,False
987,True
988,True
989,True
990,True
991,False
992,True
993,True
994,True
995,True
996,False
997,True
998,True
999,True
1000,False
1001,True
1002,True
1003,True
1004,True
1005,True
1006,True
1007,False
1008,True
1009,True
1010,True
1011,True
1012,True
1013,True
1014,False
1015,True
1016,True
1017,True
1018,True
1019,True
1020,True
1021,True
1022,True
1023,True
1024,True
1025,False
1026,True
1027,True
1028,False
1029,True
1030,True
1031,False
1032,True
1033,True
1034,False
1035,True
1036,True
1037,True
1038,True
1039,True
1040,True
1041,True
1042,True
1043,True
1044,True
1045,True
1046,True
1047,True
1048,False
1049,True
1050,False
1051,True
1052,True
1053,True
1054,False
1055,True
1056,True
1057,False
1058,True
1059,True
1060,True
1061,True
1062,True
1063,True
1064,True
1065,False
1066,True
1067,True
1068,False
1069,False
1070,True
1071,False
1072,True
1073,False
1074,False
1075,True
1076,True
1077,True
1078,True
1079,False
1080,True
1081,True
1082,True
1083,True
1084,True
1085,True
1086,True
1087,True
1088,False
1089,True
1090,True
1091,True
1092,True
1093,True
1094,True
1095,True
1096,True
1097,False
1098,True
1099,True
1100,True
1101,True
1102,True
1103,True
1104,True
1105,False
1106,True
1107,True
1108,True
1109,False
1110,False
1111,True
1112,True
1113,True
1114,True
1115,True
1116,True
1117,False
1118,True
1119,True
1120,True
1121,False
1122,True
1123,True
1124,False
1125,True
1126,False
1127,True
1128,True
1129,True
1130,True
1131,True
1132,False
1133,True
1134,True
1135,True
1136,True
1137,True
1138,True
1139,False
1140,True
1141,True
1142,True
1143,True
1144,True
1145,True
1146,True
1147,False
1148,True
1149,True
1150,True
1151,False
1152,True
1153,True
1154,True
1155,True
1156,True
1157,True
1158,True
1159,True
1160,True
1161,True
1162,True
1163,False
1164,True
1165,True
1166,True
1167,True
1168,True
1169,False
1170,True
1171,True
1172,False
1173,True
1174,False
1175,False
1176,False
1177,True
1178,True
1179,True
1180,True
1181,False
1182,True
1183,True
1184,True
1185,True
1186,True
1187,True
1188,True
1189,False
1190,True
1191,False
1192,True
1193,True
1194,True
1195,True
1196,True
1197,True
1198,False
1199,True
1200,True
1201,True
1202,True
1203,True
1204,True
1205,False
1206,True
1207,True
1208,True
1209,True
1210,True
1211,True
1212,True
1213,True
1214,False
1215,False
1216,True
1217,True
1218,True
1219,True
1220,True
1221,True
1222,False
1223,True
1224,False
1225,True
1226,True
1227,True
1228,True
1229,True
1230,True
1231,True
1232,True
1233,True
1234,True
1235,True
1236,True
1237,True
1238,True
1239,True
1240,True
1241,True
1242,True
1243,True
1244,True
1245,False
1246,True
1247,True
1248,True
1249,True
1250,True
1251,True
1252,False
1253,False
1254,True
1255,True
1256,True
1257,False
1258,True
1259,True
1260,False
1261,True
1262,True
1263,False
1264,True
1265,True
1266,True
1267,True
1268,True
1269,True
1270,True
1271,True
1272,False
1273,True
1274,False
1275,True
1276,True
1277,False
1278,False
1279,True
1280,True
1281,True
1282,True
1283,True
1284,True
1285,False
1286,True
1287,False
1288,True
1289,True
1290,True
1291,True
1292,True
1293,False
1294,True
1295,True
1296,True
1297,True
1298,True
1299,True
1300,True
1301,False
1302,False
1303,True
1304,False
1305,False
1306,True
1307,True
1308,False
1309,True
1310,True
1311,False
1312,True
1313,False
1314,False
1315,True
1316,True
1317,True
1318,True
1319,False
1320,True
1321,True
1322,True
1323,False
1324,True
1325,True
1326,True
1327,True
1328,True
1329,True
1330,False
1331,True
1332,True
1333,True
1334,False
1335,False
1336,True
1337,True
1338,True
1339,True
1340,True
1341,True
1342,True
1343,False
1344,False
1345,True
1346,True
1347,True
1348,True
1349,False
1350,False
1351,True
1352,False
1353,False
1354,False
1355,False
1356,True
1357,True
1358,True
1359,True
1360,True
1361,True
1362,True
1363,True
1364,True
1365,False
1366,True
1367,False
1368,True
1369,True
1370,True
1371,True
1372,True
1373,True
1374,True
1375,True
1376,True
1377,True
1378,True
1379,True
1380,True
1381,True
1382,True
1383,True
1384,True
1385,True
1386,True
1387,False
1388,True
1389,True
1390,True
1391,True
1392,False
1393,False
1394,True
1395,True
1396,True
1397,True
1398,True
1399,True
1400,True
1401,True
1402,True
1403,True
1404,True
1405,True
1406,True
1407,False
1408,True
1409,True
1410,True
1411,True
1412,True
1413,False
1414,True
1415,True
1416,False
1417,True
1418,False
1419,True
1420,True
1421,True
1422,True
1423,True
1424,True
1425,True
1426,True
1427,True
1428,True
1429,True
1430,True
1431,True
1432,True
1433,False
1434,False
1435,True
1436,True
1437,True
1438,True
1439,True
1440,True
1441,True
1442,True
1443,True
1444,True
1445,False
1446,True
1447,False
1448,True
1449,True
1450,True
1451,False
1452,False
1453,True
1454,True
1455,True
1456,True
1457,True
1458,True
1459,True
1460,True
1461,False
1462,False
1463,True
1464,True
1465,True
1466,True
1467,True
1468,True
1469,False
1470,True
1471,False
1472,True
1473,False
1474,True
1475,True
1476,True
1477,True
1478,False
1479,False
1480,True
1481,True
1482,True
1483,True
1484,True
1485,True
1486,False
1487,True
1488,True
1489,True
1490,True
1491,True
1492,False
1493,True
1494,True
1495,True
1496,True
1497,False
1498,True
1499,False
1500,True
1501,True
1502,True
1503,True
1504,True
1505,True
1506,False
1507,True
1508,True
1509,True
1510,True
1511,True
1512,True
1513,False
1514,False
1515,True
1516,True
1517,True
1518,True
1519,True
1520,False
1521,True
1522,True
1523,True
1524,True
1525,True
1526,True
1527,False
1528,True
1529,False
1530,True
1531,False
1532,True
1533,True
1534,False
1535,True
1536,True
1537,True
1538,True
1539,True
1540,True
1541,False
1542,True
1543,True
1544,False
1545,True
1546,True
1547,False
1548,True
1549,True
1550,True
1551,True
1552,False
1553,True
1554,True
1555,True
1556,True
1557,True
1558,True
1559,True
1560,True
1561,True
1562,False
1563,True
1564,True
1565,False
1566,False
1567,True
1568,True
1569,True
1570,True
1571,True
1572,False
1573,False
1574,True
1575,True
1576,True
1577,False
1578,False
1579,True
1580,False
1581,True
1582,True
1583,True
1584,False
1585,True
1586,False
1587,True
1588,True
1589,True
1590,True
1591,True
1592,True
1593,False
1594,False
1595,False
1596,False
1597,True
1598,False
1599,True
1600,True
1601,True
1602,True
1603,True
1604,True
1605,False
1606,True
1607,True
1608,True
1609,True
1610,True
1611,False
1612,False
1613,True
1614,True
1615,True
1616,True
1617,True
1618,False
1619,True
1620,True
1621,True
1622,True
1623,False
1624,True
1625,True
1626,True
1627,True
1628,True
1629,True
1630,True
1631,True
1632,False
1633,True
1634,True
1635,True
1636,True
1637,False
1638,False
1639,True
1640,True
1641,True
1642,True
1643,True
1644,True
1645,False
1646,True
1647,True
1648,True
1649,True
1650,True
1651,True
1652,True
1653,False
1654,True
1655,True
1656,True
1657,True
1658,True
1659,False
1660,True
1661,True
1662,True
1663,True
1664,True
1665,True
1666,False
1667,True
1668,False
1669,True
1670,False
1671,True
1672,False
1673,True
1674,True
1675,True
1676,True
1677,False
1678,True
1679,True
1680,False
1681,True
1682,False
1683,False
1684,False
1685,True
1686,True
1687,True
1688,False
1689,True
1690,True
1691,True
1692,True
1693,False
1694,True
1695,True
1696,True
1697,True
1698,True
1699,False
1700,True
1701,False
1702,True
1703,True
1704,True
1705,True
1706,True
1707,False
1708,True
1709,True
1710,False
1711,True
1712,True
1713,True
1714,False
1715,True
1716,True
1717,True
1718,True
1719,True
1720,False
1721,True
1722,True
1723,True
1724,True
1725,True
1726,True
1727,True
1728,True
1729,True
1730,True
1731,True
1732,True
1733,False
1734,True
1735,True
1736,False
1737,True
1738,True
1739,True
1740,True
1741,True
1742,False
1743,True
1744,True
1745,True
1746,True
1747,False
1748,True
1749,True
1750,True
1751,True
1752,True
1753,True
1754,True
1755,False
1756,False
1757,True
1758,False
1759,True
1760,True
1761,True
1762,True
1763,True
1764,True
1765,True
1766,True
1767,True
1768,True
1769,True
1770,True
1771,True
1772,False
1773,True
1774,True
1775,True
1776,True
1777,True
1778,True
1779,False
1780,True
1781,True
1782,True
1783,True
1784,True
1785,False
1786,True
1787,False
1788,True
1789,True
1790,True
1791,True
1792,True
1793,True
1794,True
1795,True
1796,True
1797,False
1798,True
1799,True
1800,True
1801,True
1802,False
1803,True
1804,False
1805,False
1806,True
1807,True
1808,True
1809,True
1810,True
1811,False
1812,True
1813,True
1814,True
1815,False
1816,True
1817,True
1818,True
1819,False
1820,True
1821,True
1822,True
1823,True
1824,True
1825,True
1826,False
1827,False
1828,True
1829,True
1830,True
1831,True
1832,False
1833,True
1834,True
1835,True
1836,True
1837,True
1838,True
1839,True
1840,True
1841,True
1842,True
1843,True
1844,False
1845,True
1846,True
1847,True
1848,True
1849,True
1850,True
1851,True
1852,True
1853,True
1854,False
1855,True
1856,True
1857,True
1858,False
1859,True
1860,True
1861,False
1862,True
1863,True
1864,True
1865,True
1866,True
1867,False
1868,True
1869,True
1870,True
1871,True
1872,True
1873,True
1874,False
1875,True
1876,False
1877,True
1878,True
1879,True
1880,True
1881,False
1882,True
1883,False
1884,True
1885,False
1886,True
1887,True
1888,True
1889,True
1890,False
1891,True
1892,False
1893,True
1894,True
1895,True
1896,True
1897,False
1898,True
1899,True
1900,True
1901,True
1902,True
1903,True
1904,False
1905,False
1906,True
1907,True
1908,True
1909,True
1910,True
1911,False
1912,True
1913,True
1914,True
1915,False
1916,False
1917,True
1918,True
1919,True
1920,True
1921,True
1922,True
1923,False
1924,True
1925,True
1926,True
1927,True
1928,True
1929,False
1930,True
1931,True
1932,True
1933,True
1934,True
1935,True
1936,False
1937,True
1938,True
1939,True
1940,True
1941,False
1942,True
1943,True
1944,True
1945,True
1946,False
1947,True
1948,False
1949,True
1950,True
1951,False
1952,False
1953,True
1954,True
1955,True
1956,False
1957,True
1958,True
1959,True
1960,False
1961,False
1962,True
1963,True
1964,True
1965,True
1966,True
1967,True
1968,False
1969,False
1970,True
1971,True
1972,True
1973,True
1974,True
1975,False
1976,True
1977,False
1978,True
1979,True
1980,True
1981,True
1982,True
1983,True
1984,True
1985,True
1986,False
1987,True
1988,False
1989,True
1990,True
1991,True
1992,True
1993,True
1994,True
1995,True
1996,True
1997,True
1998,True
1999,True
2000,True
2001,False
2002,True
2003,True
2004,True
2005,True
2006,True
2007,True
2008,True
2009,True
2010,True
2011,True
2012,True
2013,True
2014,True
2015,True
2016,True
2017,False
2018,True
2019,True
2020,True
2021,False
2022,True
2023,True
2024,True
2025,True
2026,True
2027,True
2028,False
2029,True
2030,False
2031,False
2032,False
2033,True
2034,True
2035,True
2036,True
2037,True
2038,True
2039,True
2040,True
2041,True
2042,True
2043,True
2044,True
2045,True
2046,True
2047,False
2048,True
2049,False
2050,False
2051,True
2052,True
2053,True
2054,True
2055,True
2056,True
2057,True
2058,True
2059,True
2060,False
2061,True
2062,True
2063,False
2064,True
2065,True
2066,True
2067,True
2068,True
2069,False
2070,True
2071,True
2072,True
2073,True
2074,False
2075,False
2076,False
2077,True
2078,False
2079,True
2080,True
2081,False
2082,True
2083,False
2084,True
2085,True
2086,True
2087,False
2088,True
2089,False
2090,False
2091,True
2092,False
2093,True
2094,False
2095,True
2096,True
2097,True
2098,True
2099,True
2100,True
2101,True
2102,False
2103,True
2104,False
2105,True
2106,True
2107,True
2108,True
2109,True
2110,True
2111,True
2112,True
2113,True
2114,True
2115,False
2116,True
2117,False
2118,True
2119,True
2120,False
2121,True
2122,True
2123,False
2124,True
2125,True
2126,True
2127,True
2128,True
2129,True
2130,True
2131,True
2132,True
2133,True
2134,True
2135,True
2136,True
2137,True
2138,True
2139,False
2140,True
2141,True
2142,True
2143,True
2144,True
2145,True
2146,True
2147,True
2148,True
2149,True
2150,False
2151,True
2152,True
2153,True
2154,True
2155,True
2156,True
2157,True
2158,True
2159,False
2160,True
2161,True
2162,True
2163,True
2164,True
2165,False
2166,True
2167,True
2168,True
2169,False
2170,True
2171,True
2172,True
2173,False
2174,True
2175,True
2176,True
2177,False
2178,True
2179,True
2180,True
2181,True
2182,False
2183,True
2184,True
2185,True
2186,False
2187,True
2188,True
2189,True
2190,True
2191,True
2192,True
2193,True
2194,False
2195,True
2196,True
2197,False
2198,True
2199,True
2200,True
2201,True
2202,True
2203,False
2204,True
2205,True
2206,True
2207,False
2208,False
2209,True
2210,True
2211,True
2212,True
2213,True
2214,False
2215,True
2216,False
2217,True
2218,True
2219,True
2220,False
2221,True
2222,True
2223,False
2224,False
2225,True
2226,True
2227,True
2228,True
2229,True
2230,True
2231,True
2232,True
2233,True
2234,False
2235,True
2236,True
2237,True
2238,True
2239,False
2240,True
2241,True
2242,True
2243,True
2244,True
2245,True
2246,False
2247,True
2248,False
2249,False
2250,True
2251,True
2252,True
2253,True
2254,True
2255,True
2256,True
2257,False
2258,True
2259,True
2260,True
2261,True
2262,True
2263,True
2264,False
2265,True
2266,False
2267,True
2268,True
2269,True
2270,True
2271,True
2272,True
2273,True
2274,True
2275,False
2276,True
2277,False
2278,True
2279,True
2280,True
2281,True
2282,True
2283,True
2284,False
2285,True
2286,True
2287,True
2288,True
2289,True
2290,True
2291,True
2292,True
2293,True
2294,True
2295,False
2296,False
2297,True
2298,True
2299,False
2300,False
2301,False
2302,True
2303,True
2304,True
2305,True
2306,True
2307,False
2308,True
2309,True
2310,True
2311,True
2312,True
2313,True
2314,True
2315,True
2316,False
2317,False
2318,True
2319,True
2320,True
2321,True
2322,True
2323,True
2324,True
2325,False
2326,True
2327,False
2328,True
2329,False
2330,True
2331,True
2332,True
2333,True
2334,True
2335,True
2336,True
2337,True
2338,True
2339,True
2340,False
2341,True
2342,True
2343,False
2344,True
2345,True
2346,True
2347,False
2348,False
2349,True
2350,True
2351,True
2352,True
2353,True
2354,True
2355,True
2356,True
2357,False
2358,True
2359,True
2360,True
2361,True
2362,True
2363,False
2364,True
2365,True
2366,True
2367,True
2368,True
2369,True
2370,False
2371,False
2372,False
2373,True
2374,True
2375,True
2376,True
2377,True
2378,True
2379,True
2380,False
2381,True
2382,True
2383,True
2384,False
2385,True
2386,True
2387,False
2388,True
2389,True
2390,False
2391,False
2392,True
2393,False
2394,True
2395,True
2396,False
2397,True
2398,True
2399,False
2400,True
2401,False
2402,True
2403,False
2404,True
2405,True
2406,True
2407,True
2408,True
2409,True
2410,False
2411,True
2412,True
2413,True
2414,False
2415,True
2416,True
2417,True
2418,True
2419,False
2420,True
2421,True
2422,True
2423,True
2424,True
2425,False
2426,True
2427,False
2428,True
2429,False
2430,True
2431,True
2432,True
2433,False
2434,True
2435,True
2436,False
2437,True
2438,True
2439,False
2440,True
2441,True
2442,False
2443,True
2444,True
2445,False
2446,True
2447,True
2448,True
2449,True
2450,True
2451,False
2452,True
2453,True
2454,True
2455,False
2456,True
2457,True
2458,True
2459,True
2460,True
2461,True
2462,False
2463,False
2464,True
2465,True
2466,False
2467,True
2468,True
2469,True
2470,True
2471,True
2472,True
2473,True
2474,True
2475,True
2476,True
2477,True
2478,True
2479,True
2480,False
2481,True
2482,True
2483,False
2484,True
2485,True
2486,True
2487,False
2488,True
2489,True
2490,True
2491,False
2492,False
2493,True
2494,True
2495,False
2496,True
2497,False
2498,True
2499,True
2500,True
2501,False
2502,True
2503,True
2504,True
2505,False
2506,True
2507,True
2508,False
2509,False
2510,True
2511,False
2512,True
2513,True
2514,True
2515,True
2516,True
2517,True
2518,True
2519,True
2520,True
2521,True
2522,True
2523,False
2524,True
2525,False
2526,True
2527,True
2528,True
2529,True
2530,False
2531,True
2532,True
2533,False
2534,True
2535,False
2536,True
2537,True
2538,True
2539,False
2540,False
2541,True
2542,True
2543,True
2544,True
2545,True
2546,True
2547,True
2548,True
2549,False
2550,True
2551,True
2552,True
2553,False
2554,True
2555,False
2556,False
2557,True
2558,True
2559,True
2560,False
2561,True
2562,True
2563,True
2564,True
2565,True
2566,True
2567,True
2568,False
2569,True
2570,True
2571,True
2572,True
2573,True
2574,True
2575,True
2576,True
2577,True
2578,True
2579,True
2580,True
2581,False
2582,True
2583,True
2584,True
2585,True
2586,True
2587,True
2588,True
2589,True
2590,True
2591,True
2592,True
2593,True
2594,True
2595,True
2596,False
2597,True
2598,True
2599,True
2600,True
2601,True
2602,False
2603,True
2604,True
2605,True
2606,True
2607,False
2608,True
2609,True
2610,True
2611,True
2612,True
2613,True
2614,True
2615,True
2616,True
2617,True
2618,True
2619,True
2620,True
2621,True
2622,True
2623,False
2624,True
2625,False
2626,True
2627,True
2628,True
2629,False
2630,False
2631,True
2632,True
2633,True
2634,False
2635,True
2636,False
2637,False
2638,True
2639,False
2640,True
2641,True
2642,False
2643,False
2644,True
2645,True
2646,True
2647,True
2648,True
2649,True
2650,True
2651,True
2652,True
2653,True
2654,True
2655,True
2656,True
2657,True
2658,True
2659,False
2660,True
2661,True
2662,True
2663,False
2664,False
2665,True
2666,True
2667,True
2668,True
2669,True
2670,True
2671,True
2672,False
2673,True
2674,False
2675,True
2676,False
2677,True
2678,True
2679,True
2680,True
2681,True
2682,True
2683,False
2684,True
2685,True
2686,True
2687,True
2688,True
2689,True
2690,True
2691,True
2692,True
2693,True
2694,False
2695,True
2696,False
2697,True
2698,True
2699,True
2700,True
2701,True
2702,True
2703,True
2704,True
2705,True
2706,True
2707,True
2708,True
2709,True
2710,True
2711,True
2712,True
2713,True
2714,True
2715,False
2716,True
2717,True
2718,True
2719,False
2720,True
2721,True
2722,True
2723,True
2724,True
2725,True
2726,True
2727,True
2728,True
2729,True
2730,True
2731,True
2732,True
2733,True
2734,True
2735,False
2736,True
2737,True
2738,True
2739,True
2740,True
2741,True
2742,False
2743,True
2744,True
2745,True
2746,False
2747,False
2748,True
2749,True
2750,True
2751,True
2752,False
2753,True
2754,True
2755,True
2756,False
2757,True
2758,True
2759,True
2760,True
2761,True
2762,False
2763,True
2764,False
2765,False
2766,True
2767,True
2768,True
2769,False
2770,True
2771,True
2772,False
2773,True
2774,True
2775,True
2776,True
2777,True
2778,True
2779,True
2780,True
2781,True
2782,True
2783,True
2784,True
2785,True
2786,True
2787,False
2788,True
2789,True
2790,True
2791,False
2792,True
2793,True
2794,True
2795,True
2796,True
2797,True
2798,True
2799,True
2800,False
2801,True
2802,True
2803,True
2804,False
2805,False
2806,False
2807,True
2808,True
2809,True
2810,True
2811,True
2812,True
2813,True
2814,True
2815,True
2816,True
2817,True
2818,True
2819,True
2820,True
2821,True
2822,True
2823,True
2824,True
2825,True
2826,True
2827,True
2828,True
2829,False
2830,False
2831,True
2832,True
2833,True
2834,False
2835,True
2836,True
2837,True
2838,True
2839,True
2840,True
2841,True
2842,True
2843,True
2844,True
2845,True
2846,True
2847,True
2848,True
2849,True
2850,True
2851,True
2852,True
2853,True
2854,True
2855,True
2856,True
2857,True
2858,True
2859,True
2860,True
2861,True
2862,True
2863,True
2864,False
2865,True
2866,True
2867,True
2868,True
2869,True
2870,True
2871,False
2872,True
2873,False
2874,True
2875,True
2876,True
2877,True
2878,True
2879,True
2880,False
2881,True
2882,True
2883,True
2884,True
2885,True
2886,True
2887,True
2888,True
2889,True
2890,True
2891,True
2892,False
2893,True
2894,True
2895,True
2896,True
2897,True
2898,True
2899,True
2900,False
2901,True
2902,True
2903,True
2904,False
2905,True
2906,True
2907,False
2908,False
2909,False
2910,True
2911,True
2912,True
2913,True
2914,False
2915,True
2916,True
2917,True
2918,True
2919,False
2920,True
2921,True
2922,True
2923,True
2924,True
2925,True
2926,True
2927,False
2928,True
2929,False
2930,True
2931,True
2932,True
2933,True
2934,False
2935,True
2936,True
2937,True
2938,True
2939,False
2940,True
2941,True
2942,True
2943,True
2944,False
2945,True
2946,True
2947,True
2948,True
2949,True
2950,True
2951,True
2952,False
2953,True
2954,True
2955,True
2956,False
2957,False
2958,True
2959,False
2960,True
2961,True
2962,True
2963,False
2964,True
2965,True
2966,True
2967,True
2968,False
2969,True
2970,False
2971,True
2972,True
2973,False
2974,False
2975,True
2976,True
2977,True
2978,True
2979,False
2980,True
2981,True
2982,True
2983,True
2984,True
2985,True
2986,True
2987,True
2988,True
2989,True
2990,True
2991,False
2992,False
2993,True
2994,False
2995,True
2996,True
2997,True
2998,False
2999,True
3000,True
3001,True
3002,True
3003,False
3004,True
3005,True
3006,True
3007,True
3008,True
3009,True
3010,True
3011,True
3012,True
3013,True
3014,True
3015,True
3016,True
3017,False
3018,True
3019,True
3020,True
3021,True
3022,True
3023,True
3024,True
3025,True
3026,True
3027,True
3028,True
3029,True
3030,True
3031,True
3032,True
3033,False
3034,False
3035,True
3036,False
3037,True
3038,True
3039,True
3040,True
3041,False
3042,False
3043,True
3044,True
3045,True
3046,True
3047,False
3048,False
3049,True
3050,False
3051,True
3052,True
3053,True
3054,True
3055,True
3056,False
3057,True
3058,True
3059,True
3060,True
3061,True
3062,True
3063,True
3064,False
3065,False
3066,True
3067,True
3068,True
3069,True
3070,True
3071,True
3072,True
3073,True
3074,True
3075,True
3076,True
3077,True
3078,False
3079,True
3080,True
3081,True
3082,True
3083,True
3084,False
3085,True
3086,True
3087,True
3088,True
3089,True
3090,True
3091,True
3092,True
3093,True
3094,True
3095,True
3096,True
3097,True
3098,True
3099,True
3100,False
3101,True
3102,True
3103,True
3104,True
3105,True
3106,True
3107,True
3108,True
3109,True
3110,True
3111,False
3112,True
3113,True
3114,True
3115,True
3116,True
3117,True
3118,True
3119,True
3120,True
3121,True
3122,False
3123,True
3124,True
3125,True
3126,True
3127,True
3128,True
3129,True
3130,True
3131,True
3132,True
3133,True
3134,True
3135,True
3136,True
3137,True
3138,True
3139,True
3140,True
3141,True
3142,False
3143,True
3144,True
3145,True
3146,True
3147,True
3148,False
3149,True
3150,True
3151,True
3152,True
3153,True
3154,True
3155,True
3156,False
3157,False
3158,True
3159,True
3160,True
3161,False
3162,True
3163,True
3164,True
3165,True
3166,True
3167,True
3168,True
3169,False
3170,True
3171,False
3172,True
3173,True
3174,True
3175,True
3176,True
3177,True
3178,True
3179,True
3180,True
3181,True
3182,False
3183,True
3184,False
3185,True
3186,True
3187,True
3188,True
3189,True
3190,True
3191,True
3192,True
3193,True
3194,True
3195,True
3196,False
3197,True
3198,True
3199,True
3200,False
3201,True
3202,True
3203,True
3204,False
3205,False
3206,True
3207,True
3208,False
3209,True
3210,False
3211,True
3212,True
3213,True
3214,True
3215,False
3216,True
3217,True
3218,True
3219,True
3220,True
3221,True
3222,True
3223,False
3224,True
3225,False
3226,True
3227,True
3228,True
3229,True
3230,True
3231,True
3232,True
3233,True
3234,True
3235,True
3236,True
3237,True
3238,True
3239,False
3240,True
3241,True
3242,True
3243,True
3244,True
3245,True
3246,True
3247,False
3248,True
3249,True
3250,True
3251,False
3252,True
3253,True
3254,True
3255,True
3256,True
3257,False
3258,True
3259,True
3260,False
3261,True
3262,True
3263,True
3264,False
3265,True
3266,True
3267,True
3268,True
3269,True
3270,False
3271,False
3272,True
3273,True
3274,True
3275,True
3276,True
3277,True
3278,False
3279,True
3280,True
3281,True
3282,True
3283,True
3284,True
3285,True
3286,True
3287,True
3288,False
3289,True
3290,True
3291,True
3292,True
3293,False
3294,True
3295,True
3296,False
3297,False
3298,True
3299,True
3300,True
3301,True
3302,False
3303,True
3304,True
3305,True
3306,True
3307,True
3308,True
3309,True
3310,True
3311,False
3312,True
3313,True
3314,True
3315,False
3316,False
3317,True
3318,True
3319,True
3320,True
3321,False
3322,True
3323,False
3324,False
3325,True
3326,True
3327,True
3328,True
3329,True
3330,False
3331,True
3332,True
3333,True
3334,True
3335,True
3336,True
3337,False
3338,True
3339,True
3340,True
3341,True
3342,False
3343,False
3344,True
3345,True
3346,False
3347,True
3348,True
3349,True
3350,True
3351,True
3352,False
3353,True
3354,True
3355,True
3356,True
3357,True
3358,True
3359,True
3360,True
3361,True
3362,True
3363,True
3364,True
3365,True
3366,True
3367,True
3368,True
3369,False
3370,True
3371,True
3372,True
3373,True
3374,True
3375,True
3376,False
3377,False
3378,True
3379,True
3380,True
3381,True
3382,True
3383,True
3384,True
3385,True
3386,True
3387,True
3388,False
3389,True
3390,True
3391,True
3392,True
3393,False
3394,True
3395,False
3396,True
3397,True
3398,True
3399,True
3400,True
3401,True
3402,False
3403,False
3404,True
3405,False
3406,True
3407,True
3408,True
3409,True
3410,True
3411,True
3412,True
3413,False
3414,True
3415,True
3416,False
3417,True
3418,False
3419,True
3420,True
3421,True
3422,True
3423,False
3424,False
3425,True
3426,False
3427,False
3428,True
3429,True
3430,True
3431,True
3432,True
3433,True
3434,True
3435,False
3436,False
3437,False
3438,True
3439,True
3440,True
3441,True
3442,False
3443,False
3444,True
3445,True
3446,True
3447,True
3448,True
3449,True
3450,True
3451,True
3452,False
3453,False
3454,False
3455,True
3456,False
3457,True
3458,True
3459,True
3460,True
3461,True
3462,True
3463,True
3464,True
3465,False
3466,True
3467,True
3468,False
3469,True
3470,True
3471,True
3472,True
3473,True
3474,True
3475,True
3476,True
3477,False
3478,True
3479,False
3480,True
3481,True
3482,True
3483,True
3484,True
3485,False
3486,True
3487,True
3488,True
3489,True
3490,True
3491,True
3492,True
3493,False
3494,True
3495,False
3496,True
3497,False
3498,True
3499,True
3500,True
3501,True
3502,False
3503,True
3504,True
3505,False
3506,True
3507,True
3508,True
3509,True
3510,True
3511,False
3512,False
3513,False
3514,False
3515,True
3516,True
3517,False
3518,False
3519,True
3520,True
3521,False
3522,False
3523,True
3524,True
3525,True
3526,True
3527,False
3528,False
3529,False
3530,False
3531,False
3532,True
3533,True
3534,True
3535,True
3536,True
3537,True
3538,False
3539,True
3540,True
3541,True
3542,False
3543,True
3544,True
3545,True
3546,True
3547,False
3548,True
3549,True
3550,True
3551,True
3552,True
3553,True
3554,True
3555,False
3556,False
3557,True
3558,False
3559,True
3560,False
3561,True
3562,True
3563,False
3564,True
3565,True
3566,True
3567,True
3568,False
3569,True
3570,True
3571,True
3572,True
3573,True
3574,True
3575,True
3576,True
3577,True
3578,True
3579,True
3580,True
3581,True
3582,True
3583,True
3584,True
3585,True
3586,True
3587,True
3588,True
3589,True
3590,True
3591,False
3592,True
3593,True
3594,False
3595,True
3596,True
3597,True
3598,True
3599,True
3600,True
3601,False
3602,False
3603,False
3604,False
3605,False
3606,True
3607,True
3608,False
3609,True
3610,True
3611,False
3612,True
3613,True
3614,False
3615,True
3616,False
3617,True
3618,True
3619,True
3620,True
3621,True
3622,False
3623,True
3624,False
3625,False
3626,True
3627,True
3628,True
3629,True
3630,True
3631,True
3632,True
3633,False
3634,True
3635,True
3636,True
3637,False
3638,True
3639,True
3640,True
3641,True
3642,True
3643,True
3644,False
3645,False
3646,True
3647,True
3648,True
3649,True
3650,True
3651,True
3652,True
3653,True
3654,True
3655,True
3656,True
3657,True
3658,False
3659,True
3660,True
3661,True
3662,True
3663,True
3664,True
3665,False
3666,True
3667,True
3668,False
3669,True
3670,True
3671,True
3672,True
3673,False
3674,True
3675,True
3676,True
3677,True
3678,True
3679,True
3680,True
3681,False
3682,False
3683,True
3684,True
3685,True
3686,True
3687,False
3688,True
3689,True
3690,True
3691,True
3692,True
3693,True
3694,False
3695,True
3696,True
3697,True
3698,True
3699,True
3700,True
3701,False
3702,True
3703,True
3704,True
3705,True
3706,False
3707,True
3708,True
3709,True
3710,True
3711,True
3712,False
3713,True
3714,True
3715,True
3716,True
3717,True
3718,False
3719,True
3720,True
3721,True
3722,True
3723,True
3724,True
3725,True
3726,True
3727,True
3728,True
3729,True
3730,True
3731,True
3732,True
3733,True
3734,True
3735,True
3736,True
3737,True
3738,True
3739,True
3740,False
3741,True
3742,False
3743,False
3744,True
3745,True
3746,True
3747,True
3748,True
3749,True
3750,False
3751,True
3752,True
3753,True
3754,False
3755,True
3756,False
3757,True
3758,False
3759,True
3760,True
3761,False
3762,True
3763,False
3764,True
3765,True
3766,True
3767,True
3768,True
3769,True
3770,True
3771,True
3772,True
3773,True
3774,True
3775,True
3776,True
3777,False
3778,True
3779,True
3780,True
3781,True
3782,False
3783,True
3784,True
3785,True
3786,False
3787,True
3788,True
3789,True
3790,True
3791,True
3792,True
3793,True
3794,True
3795,True
3796,True
3797,False
3798,True
3799,True
3800,True
3801,True
3802,True
3803,True
3804,True
3805,True
3806,False
3807,False
3808,True
3809,False
3810,True
3811,False
3812,True
3813,True
3814,True
3815,True
3816,True
3817,False
3818,False
3819,True
3820,True
3821,False
3822,False
3823,False
3824,True
3825,False
3826,True
3827,True
3828,True
3829,True
3830,True
3831,True
3832,True
3833,True
3834,True
3835,True
3836,True
3837,True
3838,True
3839,True
3840,True
3841,False
3842,True
3843,False
3844,True
3845,True
3846,True
3847,False
3848,True
3849,True
3850,True
3851,True
3852,False
3853,True
3854,True
3855,True
3856,True
3857,True
3858,True
3859,True
3860,True
3861,True
3862,True
3863,True
3864,True
3865,True
3866,True
3867,False
3868,True
3869,False
3870,True
3871,True
3872,True
3873,True
3874,True
3875,True
3876,False
3877,True
3878,True
3879,True
3880,True
3881,True
3882,True
3883,True
3884,False
3885,True
3886,True
3887,True
3888,True
3889,True
3890,True
3891,True
3892,True
3893,False
3894,True
3895,True
3896,False
3897,True
3898,True
3899,True
3900,True
3901,True
3902,True
3903,True
3904,True
3905,False
3906,False
3907,True
3908,True
3909,True
3910,False
3911,True
3912,True
3913,True
3914,True
3915,True
3916,True
3917,True
3918,True
3919,True
3920,True
3921,True
3922,True
3923,True
3924,True
3925,True
3926,True
3927,True
3928,True
3929,True
3930,True
3931,True
3932,True
3933,True
3934,True
3935,False
3936,True
3937,False
3938,True
3939,True
3940,True
3941,True
3942,True
3943,True
3944,True
3945,True
3946,False
3947,True
3948,True
3949,True
3950,True
3951,False
3952,True
3953,False
3954,True
3955,True
3956,True
3957,True
3958,True
3959,True
3960,False
3961,False
3962,True
3963,True
3964,True
3965,True
3966,True
3967,True
3968,False
3969,False
3970,False
3971,True
3972,True
3973,True
3974,True
3975,True
3976,True
3977,True
3978,True
3979,True
3980,True
3981,True
3982,True
3983,True
3984,True
3985,True
3986,True
3987,False
3988,False
3989,True
3990,True
3991,False
3992,True
3993,True
3994,True
3995,True
3996,False
3997,False
3998,True
3999,True
4000,False
4001,False
4002,True
4003,False
4004,True
4005,True
4006,True
4007,True
4008,False
4009,True
4010,True
4011,True
4012,True
4013,True
4014,True
4015,False
4016,False
4017,False
4018,True
4019,True
4020,True
4021,True
4022,False
4023,True
4024,True
4025,True
4026,True
4027,True
4028,True
4029,False
4030,True
4031,False
4032,True
4033,True
4034,True
4035,True
4036,False
4037,True
4038,True
4039,False
4040,True
4041,True
4042,False
4043,False
4044,False
4045,True
4046,False
4047,True
4048,True
4049,True
4050,False
4051,False
4052,False
4053,True
4054,False
4055,False
4056,True
4057,True
4058,True
4059,False
4060,True
4061,True
4062,True
4063,False
4064,True
4065,True
4066,False
4067,False
4068,True
4069,True
4070,True
4071,True
4072,True
4073,True
4074,True
4075,False
4076,True
4077,True
4078,True
4079,True
4080,True
4081,True
4082,True
4083,True
4084,True
4085,True
4086,True
4087,True
4088,True
4089,False
4090,True
4091,True
4092,True
4093,True
4094,True
4095,True
4096,False
4097,True
4098,True
4099,True
4100,True
4101,True
4102,True
4103,True
4104,True
4105,True
4106,True
4107,True
4108,True
4109,True
4110,True
4111,True
4112,False
4113,True
4114,True
4115,False
4116,True
4117,True
4118,True
4119,False
4120,False
4121,True
4122,True
4123,True
4124,True
4125,True
4126,True
4127,True
4128,True
4129,True
4130,True
4131,True
4132,True
4133,True
4134,True
4135,False
4136,True
4137,True
4138,True
4139,True
4140,True
4141,False
4142,True
4143,True
4144,True
4145,True
4146,False
4147,True
4148,True
4149,False
4150,True
4151,True
4152,True
4153,True
4154,True
4155,True
4156,True
4157,True
4158,True
4159,True
4160,False
4161,True
4162,True
4163,True
4164,True
4165,False
4166,True
4167,False
4168,True
4169,True
4170,True
4171,True
4172,True
4173,True
4174,True
4175,True
4176,True
4177,True
4178,True
4179,True
4180,False
4181,True
4182,True
4183,True
4184,True
4185,False
4186,True
4187,True
4188,True
4189,True
4190,False
4191,True
4192,True
4193,True
4194,True
4195,True
4196,True
4197,True
4198,True
4199,True
4200,False
4201,True
4202,True
4203,True
4204,True
4205,False
4206,True
4207,True
4208,False
4209,True
4210,True
4211,True
4212,True
4213,True
4214,True
4215,True
4216,True
4217,True
4218,True
4219,True
4220,True
4221,True
4222,True
4223,False
4224,True
4225,True
4226,True
4227,True
4228,False
4229,True
4230,True
4231,False
4232,False
4233,True
4234,True
4235,True
4236,False
4237,True
4238,True
4239,True
4240,True
4241,True
4242,False
4243,True
4244,True
4245,True
4246,False
4247,False
4248,True
4249,True
4250,True
4251,True
4252,True
4253,False
4254,True
4255,True
4256,True
4257,True
4258,True
4259,True
4260,True
4261,True
4262,True
4263,True
4264,False
4265,False
4266,True
4267,True
4268,True
4269,True
4270,True
4271,False
4272,False
4273,True
4274,True
4275,False
4276,True
4277,True
4278,True
4279,True
4280,True
4281,True
4282,True
4283,True
4284,True
4285,True
4286,False
4287,True
4288,True
4289,True
4290,True
4291,False
4292,True
4293,False
4294,True
4295,True
4296,True
4297,True
4298,False
4299,True
4300,True
4301,False
4302,True
4303,True
4304,True
4305,True
4306,False
4307,True
4308,True
4309,True
4310,True
4311,True
4312,True
4313,True
4314,True
4315,True
4316,True
4317,True
4318,True
4319,False
4320,True
4321,False
4322,True
4323,True
4324,True
4325,True
4326,True
4327,False
4328,True
4329,True
4330,True
4331,False
4332,True
4333,True
4334,True
4335,False
4336,True
4337,False
4338,True
4339,True
4340,True
4341,True
4342,False
4343,True
4344,False
4345,False
4346,True
4347,False
4348,True
4349,True
4350,True
4351,True
4352,False
4353,True
4354,False
4355,True
4356,True
4357,True
4358,False
4359,True
4360,True
4361,False
4362,True
4363,False
4364,True
4365,True
4366,True
4367,False
4368,True
4369,True
4370,True
4371,True
4372,True
4373,True
4374,True
4375,False
4376,True
4377,False
4378,True
4379,False
4380,False
4381,True
4382,False
4383,True
4384,True
4385,False
4386,True
4387,True
4388,True
4389,True
4390,False
4391,True
4392,True
4393,True
4394,True
4395,True
4396,True
4397,True
4398,True
4399,False
4400,True
4401,False
4402,False
4403,True
4404,True
4405,False
4406,True
4407,True
4408,False
4409,True
4410,True
4411,True
4412,True
4413,True
4414,False
4415,False
4416,True
4417,True
4418,True
4419,True
4420,False
4421,True
4422,False
4423,True
4424,True
4425,True
4426,True
4427,True
4428,True
4429,True
4430,False
4431,True
4432,True
4433,True
4434,True
4435,False
4436,True
4437,True
4438,True
4439,False
4440,True
4441,True
4442,False
4443,True
4444,True
4445,True
4446,False
4447,True
4448,True
4449,True
4450,False
4451,True
4452,True
4453,True
4454,False
4455,False
4456,True
4457,True
4458,False
4459,True
4460,False
4461,True
4462,True
4463,False
4464,True
4465,True
4466,True
4467,True
4468,True
4469,False
4470,True
4471,True
4472,True
4473,True
4474,True
4475,True
4476,True
4477,True
4478,False
4479,True
4480,True
4481,True
4482,False
4483,True
4484,True
4485,True
4486,True
4487,False
4488,True
4489,True
4490,True
4491,True
4492,True
4493,True
4494,True
4495,False
4496,True
4497,True
4498,True
4499,True
4500,True
4501,True
4502,True
4503,True
4504,False
4505,True
4506,False
4507,True
4508,False
4509,False
4510,True
4511,True
4512,True
4513,True
4514,True
4515,True
4516,True
4517,False
4518,True
4519,True
4520,True
4521,True
4522,True
4523,True
4524,False
4525,False
4526,True
4527,True
4528,False
4529,False
4530,True
4531,True
4532,True
4533,True
4534,False
4535,True
4536,False
4537,True
4538,True
4539,True
4540,True
4541,False
4542,True
4543,True
4544,True
4545,False
4546,True
4547,True
4548,False
4549,True
4550,True
4551,True
4552,True
4553,True
4554,True
4555,False
4556,True
4557,True
4558,True
4559,True
4560,False
4561,True
4562,True
4563,True
4564,False
4565,False
4566,True
4567,True
4568,False
4569,True
4570,False
4571,True
4572,True
4573,True
4574,True
4575,True
4576,True
4577,True
4578,True
4579,True
4580,True
4581,True
4582,True
4583,True
4584,False
4585,True
4586,True
4587,True
4588,True
4589,False
4590,True
4591,True
4592,True
4593,True
4594,True
4595,True
4596,True
4597,True
4598,True
4599,True
4600,True
4601,True
4602,True
4603,True
4604,False
4605,True
4606,True
4607,True
4608,False
4609,True
4610,False
4611,True
4612,True
4613,True
4614,True
4615,True
4616,False
4617,True
4618,True
4619,True
4620,True
4621,False
4622,True
4623,True
4624,True
4625,True
4626,True
4627,True
4628,True
4629,False
4630,True
4631,True
4632,True
4633,True
4634,True
4635,False
4636,True
4637,True
4638,False
4639,True
4640,False
4641,True
4642,True
4643,True
4644,True
4645,True
4646,True
4647,True
4648,False
4649,True
4650,True
4651,False
4652,True
4653,True
4654,True
4655,True
4656,True
4657,True
4658,True
4659,True
4660,False
4661,True
4662,True
4663,True
4664,True
4665,True
4666,True
4667,True
4668,True
4669,False
4670,False
4671,False
4672,True
4673,False
4674,True
4675,False
4676,False
4677,True
4678,True
4679,True
4680,True
4681,True
4682,True
4683,True
4684,True
4685,False
4686,True
4687,True
4688,True
4689,True
4690,False
4691,False
4692,True
4693,True
4694,False
4695,True
4696,True
4697,True
4698,True
4699,True
4700,True
4701,True
4702,True
4703,True
4704,False
4705,True
4706,True
4707,True
4708,True
4709,True
4710,True
4711,True
4712,True
4713,True
4714,True
4715,True
4716,False
4717,True
4718,True
4719,True
4720,True
4721,True
4722,True
4723,False
4724,True
4725,True
4726,False
4727,False
4728,False
4729,True
4730,True
4731,False
4732,False
4733,False
4734,True
4735,True
4736,True
4737,False
4738,False
4739,True
4740,True
4741,True
4742,False
4743,True
4744,False
4745,True
4746,True
4747,True
4748,False
4749,True
4750,True
4751,True
4752,False
4753,True
4754,True
4755,True
4756,True
4757,True
4758,True
4759,False
4760,True
4761,False
4762,True
4763,True
4764,True
4765,False
4766,True
4767,True
4768,True
4769,True
4770,False
4771,True
4772,False
4773,False
4774,False
4775,True
4776,True
4777,True
4778,True
4779,True
4780,True
4781,True
4782,False
4783,True
4784,False
4785,False
4786,True
4787,False
4788,True
4789,True
4790,True
4791,True
4792,True
4793,True
4794,False
4795,True
4796,True
4797,True
4798,True
4799,True
4800,True
4801,True
4802,True
4803,True
4804,False
4805,True
4806,True
4807,False
4808,True
4809,True
4810,True
4811,True
4812,True
4813,True
4814,True
4815,False
4816,False
4817,True
4818,True
4819,True
4820,True
4821,True
4822,True
4823,True
4824,False
4825,True
4826,False
4827,True
4828,True
4829,False
4830,True
4831,False
4832,True
4833,True
4834,True
4835,True
4836,True
4837,False
4838,False
4839,True
4840,True
4841,True
4842,True
4843,True
4844,True
4845,True
4846,True
4847,True
4848,True
4849,True
4850,True
4851,True
4852,True
4853,True
4854,True
4855,True
4856,True
4857,True
4858,False
4859,True
4860,True
4861,True
4862,False
4863,False
4864,True
4865,False
4866,True
4867,True
4868,True
4869,True
4870,True
4871,True
4872,False
4873,True
4874,True
4875,True
4876,True
4877,True
4878,True
4879,True
4880,False
4881,True
4882,True
4883,True
4884,True
4885,True
4886,True
4887,True
4888,True
4889,True
4890,True
4891,False
4892,True
4893,True
4894,True
4895,True
4896,True
4897,True
4898,True
4899,True
4900,True
4901,False
4902,True
4903,True
4904,True
4905,True
4906,True
4907,True
4908,True
4909,False
4910,True
4911,True
4912,True
4913,True
4914,True
4915,True
4916,True
4917,True
4918,True
4919,True
4920,True
4921,True
4922,False
4923,False
4924,True
4925,True
4926,True
4927,True
4928,True
4929,False
4930,True
4931,False
4932,True
4933,True
4934,False
4935,False
4936,True
4937,False
4938,True
4939,False
4940,True
4941,True
4942,False
4943,True
4944,True
4945,True
4946,True
4947,True
4948,True
4949,False
4950,True
4951,True
4952,False
4953,True
4954,True
4955,True
4956,True
4957,False
4958,False
4959,True
4960,True
4961,True
4962,True
4963,True
4964,True
4965,True
4966,True
4967,True
4968,True
4969,False
4970,True
4971,False
4972,True
4973,True
4974,True
4975,True
4976,True
4977,True
4978,True
4979,True
4980,False
4981,True
4982,True
4983,False
4984,True
4985,False
4986,True
4987,True
4988,True
4989,False
4990,False
4991,True
4992,True
4993,True
4994,True
4995,True
4996,True
4997,True
4998,True
4999,True
5000,False
5001,True
5002,True
5003,False
5004,True
5005,True
5006,True
5007,True
5008,True
5009,False
5010,True
5011,False
5012,False
5013,True
5014,True
5015,True
5016,True
5017,True
5018,True
5019,False
5020,True
5021,True
5022,False
5023,False
5024,True
5025,False
5026,True
5027,False
5028,True
5029,False
5030,True
5031,True
5032,True
5033,False
5034,True
5035,False
5036,True
5037,True
5038,True
5039,True
5040,True
5041,True
5042,True
5043,True
5044,True
5045,True
5046,True
5047,True
5048,False
5049,True
5050,True
5051,True
5052,True
5053,True
5054,False
5055,True
5056,True
5057,True
5058,True
5059,True
5060,False
5061,True
5062,True
5063,False
5064,True
5065,True
5066,True
5067,False
5068,False
5069,True
5070,True
5071,True
5072,True
5073,True
5074,True
5075,True
5076,True
5077,True
5078,True
5079,True
5080,True
5081,False
5082,False
5083,True
5084,True
5085,False
5086,True
5087,True
5088,True
5089,False
5090,True
5091,True
5092,True
5093,True
5094,True
5095,True
5096,True
5097,True
5098,True
5099,True
5100,True
5101,True
5102,True
5103,True
5104,True
5105,True
5106,True
5107,True
5108,True
5109,True
5110,True
5111,False
5112,True
5113,True
5114,False
5115,True
5116,True
5117,True
5118,True
5119,True
5120,True
5121,False
5122,True
5123,True
5124,True
5125,True
5126,True
5127,True
5128,False
5129,True
5130,True
5131,True
5132,True
5133,True
5134,False
5135,True
5136,True
5137,True
5138,True
5139,True
5140,True
5141,True
5142,True
5143,False
5144,True
5145,True
5146,True
5147,False
5148,True
5149,True
5150,True
5151,True
5152,True
5153,False
5154,True
5155,True
5156,False
5157,True
5158,False
5159,True
5160,True
5161,True
5162,True
5163,True
5164,False
5165,True
5166,False
5167,True
5168,True
5169,False
5170,True
5171,True
5172,True
5173,True
5174,True
5175,True
5176,True
5177,True
5178,True
5179,True
5180,True
5181,True
5182,True
5183,False
5184,True
5185,True
5186,True
5187,True
5188,True
5189,True
5190,False
5191,True
5192,True
5193,False
5194,False
5195,True
5196,True
5197,False
5198,True
5199,False
5200,True
5201,True
5202,True
5203,False
5204,True
5205,False
5206,True
5207,True
5208,False
5209,True
5210,True
5211,True
5212,True
5213,True
5214,False
5215,True
5216,True
5217,True
5218,False
5219,True
5220,True
5221,True
5222,True
5223,True
5224,False
5225,True
5226,False
5227,True
5228,True
5229,True
5230,False
5231,False
5232,True
5233,True
5234,False
5235,True
5236,False
5237,True
5238,True
5239,True
5240,True
5241,True
5242,True
5243,True
5244,False
5245,True
5246,True
5247,True
5248,False
5249,True
5250,True
5251,True
5252,True
5253,True
5254,True
5255,True
5256,True
5257,True
5258,True
5259,True
5260,False
5261,True
5262,True
5263,True
5264,False
5265,False
5266,True
5267,True
5268,True
5269,True
5270,True
5271,True
5272,False
5273,True
5274,True
5275,False
5276,True
5277,True
5278,True
5279,True
5280,False
5281,True
5282,True
5283,True
5284,True
5285,True
5286,True
5287,True
5288,True
5289,False
5290,True
5291,True
5292,True
5293,True
5294,True
5295,True
5296,True
5297,True
5298,False
5299,True
5300,True
5301,True
5302,True
5303,True
5304,True
5305,True
5306,True
5307,False
5308,True
5309,True
5310,True
5311,True
5312,True
5313,True
5314,True
5315,True
5316,True
5317,True
5318,True
5319,True
5320,False
5321,True
5322,True
5323,True
5324,False
5325,True
5326,True
5327,True
5328,True
5329,True
5330,True
5331,False
5332,True
5333,True
5334,True
5335,True
5336,True
5337,True
5338,True
5339,True
5340,True
5341,True
5342,True
5343,True
5344,True
5345,True
5346,False
5347,True
5348,True
5349,True
5350,True
5351,True
5352,True
5353,True
5354,True
5355,True
5356,True
5357,False
5358,False
5359,True
5360,True
5361,True
5362,True
5363,True
5364,True
5365,True
5366,False
5367,False
5368,False
5369,True
5370,False
5371,True
5372,True
5373,True
5374,False
5375,True
5376,True
5377,True
5378,False
5379,True
5380,True
5381,True
5382,True
5383,True
5384,True
5385,False
5386,True
5387,True
5388,False
5389,False
5390,True
5391,True
5392,True
5393,True
5394,True
5395,False
5396,True
5397,True
5398,False
5399,True
5400,True
5401,True
5402,False
5403,True
5404,True
5405,True
5406,True
5407,True
5408,True
5409,True
5410,False
5411,True
5412,False
5413,True
5414,False
5415,True
5416,True
5417,True
5418,False
5419,True
5420,False
5421,True
5422,False
5423,True
5424,True
5425,True
5426,True
5427,True
5428,True
5429,True
5430,True
5431,True
5432,True
5433,True
5434,True
5435,True
5436,False
5437,True
5438,True
5439,True
5440,True
5441,False
5442,True
5443,True
5444,True
5445,False
5446,True
5447,False
5448,True
5449,True
5450,True
5451,True
5452,True
5453,False
5454,True
5455,True
5456,False
5457,True
5458,False
5459,False
5460,True
5461,True
5462,True
5463,True
5464,True
5465,True
5466,True
5467,False
5468,True
5469,True
5470,False
5471,True
5472,True
5473,True
5474,True
5475,False
5476,True
5477,True
5478,True
5479,True
5480,True
5481,False
5482,False
5483,False
5484,True
5485,False
5486,True
5487,True
5488,True
5489,True
5490,True
5491,True
5492,False
5493,True
5494,False
5495,False
5496,True
5497,True
5498,True
5499,False
5500,True
5501,True
5502,True
5503,True
5504,True
5505,True
5506,True
5507,False
5508,True
5509,False
5510,False
5511,False
5512,True
5513,True
5514,True
5515,True
5516,True
5517,False
5518,True
5519,True
5520,False
5521,False
5522,False
5523,True
5524,True
5525,True
5526,True
5527,True
5528,True
5529,True
5530,False
5531,False
5532,True
5533,True
5534,False
5535,True
5536,True
5537,False
5538,True
5539,True
5540,True
5541,True
5542,False
5543,True
5544,False
5545,True
5546,True
5547,True
5548,True
5549,False
5550,True
5551,True
5552,True
5553,True
5554,True
5555,True
5556,True
5557,True
5558,True
5559,True
5560,True
5561,True
5562,True
5563,False
5564,True
5565,True
5566,False
5567,True
5568,True
5569,True
5570,False
5571,True
5572,True
5573,True
5574,True
5575,True
5576,False
5577,True
5578,True
5579,True
5580,False
5581,True
5582,False
5583,True
5584,True
5585,True
5586,True
5587,True
5588,True
5589,True
5590,True
5591,True
5592,True
5593,False
5594,True
5595,True
5596,False
5597,False
5598,False
5599,True
5600,False
5601,True
5602,True
5603,True
5604,True
5605,True
5606,False
5607,True
5608,False
5609,True
5610,True
5611,True
5612,True
5613,True
5614,True
5615,False
5616,False
5617,True
5618,True
5619,True
5620,True
5621,True
5622,True
5623,True
5624,False
5625,False
5626,True
5627,True
5628,False
5629,True
5630,True
5631,True
5632,True
5633,True
5634,False
5635,True
5636,True
5637,True
5638,True
5639,True
5640,True
5641,True
5642,True
5643,True
5644,True
5645,True
5646,True
5647,True
5648,True
5649,True
5650,False
5651,True
5652,True
5653,True
5654,True
5655,True
5656,True
5657,True
5658,False
5659,True
5660,True
5661,False
5662,True
5663,True
5664,True
5665,True
5666,True
5667,True
5668,True
5669,True
5670,True
5671,True
5672,True
5673,False
5674,True
5675,False
5676,True
5677,True
5678,False
5679,False
5680,False
5681,True
5682,False
5683,True
5684,True
5685,True
5686,True
5687,True
5688,True
5689,True
5690,True
5691,False
5692,True
5693,True
5694,True
5695,True
5696,True
5697,False
5698,True
5699,True
5700,True
5701,True
5702,True
5703,True
5704,True
5705,True
5706,False
5707,True
5708,True
5709,True
5710,True
5711,True
5712,True
5713,True
5714,False
5715,True
5716,True
5717,True
5718,True
5719,True
5720,True
5721,True
5722,True
5723,True
5724,True
5725,True
5726,True
5727,True
5728,False
5729,True
5730,True
5731,False
5732,True
5733,False
5734,True
5735,True
5736,True
5737,True
5738,True
5739,True
5740,True
5741,True
5742,False
5743,True
5744,False
5745,True
5746,True
5747,True
5748,True
5749,True
5750,True
5751,True
5752,True
5753,True
5754,True
5755,True
5756,True
5757,True
5758,True
5759,True
5760,True
5761,True
5762,True
5763,False
5764,False
5765,True
5766,False
5767,True
5768,True
5769,True
5770,True
5771,False
5772,True
5773,True
5774,False
5775,True
5776,True
5777,True
5778,True
5779,True
5780,False
5781,True
5782,True
5783,True
5784,True
5785,True
5786,True
5787,True
5788,False
5789,True
5790,True
5791,True
5792,True
5793,False
5794,True
5795,True
5796,True
5797,True
5798,True
5799,True
5800,True
5801,True
5802,True
5803,True
5804,True
5805,True
5806,True
5807,True
5808,True
5809,True
5810,False
5811,True
5812,True
5813,True
5814,True
5815,False
5816,True
5817,True
5818,False
5819,True
5820,True
5821,True
5822,True
5823,True
5824,True
5825,True
5826,True
5827,True
5828,True
5829,False
5830,True
5831,True
5832,True
5833,True
5834,True
5835,True
5836,True
5837,True
5838,True
5839,True
5840,True
5841,True
5842,False
5843,True
5844,True
5845,True
5846,True
5847,False
5848,False
5849,True
5850,False
5851,False
5852,True
5853,True
5854,True
5855,True
5856,True
5857,False
5858,True
5859,True
5860,True
5861,False
5862,True
5863,True
5864,True
5865,False
5866,True
5867,True
5868,True
5869,False
5870,True
5871,True
5872,True
5873,True
5874,False
5875,True
5876,True
5877,True
5878,False
5879,True
5880,True
5881,True
5882,True
5883,True
5884,False
5885,True
5886,True
5887,True
5888,True
5889,False
5890,True
5891,True
5892,True
5893,True
5894,True
5895,True
5896,True
5897,True
5898,True
5899,False
5900,True
5901,True
5902,True
5903,True
5904,True
5905,True
5906,True
5907,True
5908,False
5909,True
5910,True
5911,False
5912,True
5913,False
5914,True
5915,False
5916,True
5917,True
5918,True
5919,False
5920,True
5921,False
5922,True
5923,True
5924,False
5925,False
5926,True
5927,False
5928,True
5929,True
5930,True
5931,True
5932,False
5933,True
5934,False
5935,True
5936,True
5937,True
5938,False
5939,True
5940,True
5941,True
5942,True
5943,False
5944,True
5945,False
5946,True
5947,True
5948,True
5949,False
5950,False
5951,True
5952,True
5953,True
5954,True
5955,True
5956,True
5957,True
5958,False
5959,True
5960,True
5961,True
5962,False
5963,True
5964,True
5965,True
5966,True
5967,False
5968,True
5969,True
5970,True
5971,True
5972,False
5973,False
5974,True
5975,True
5976,True
5977,True
5978,False
5979,False
5980,False
5981,True
5982,False
5983,True
5984,False
5985,True
5986,False
5987,False
5988,False
5989,False
5990,True
5991,False
5992,True
5993,False
5994,True
5995,True
5996,False
5997,True
5998,True
5999,True
6000,True
6001,True
6002,True
6003,True
6004,True
6005,True
6006,True
6007,True
6008,True
6009,True
6010,True
6011,True
6012,True
6013,False
6014,False
6015,True
6016,True
6017,True
6018,True
6019,True
6020,True
6021,True
6022,False
6023,True
6024,True
6025,True
6026,True
6027,True
6028,True
6029,False
6030,True
6031,True
6032,False
6033,True
6034,True
6035,True
6036,True
6037,True
6038,True
6039,False
6040,False
6041,False
6042,True
6043,True
6044,True
6045,False
6046,True
6047,True
6048,True
6049,True
6050,True
6051,False
6052,True
6053,False
6054,True
6055,True
6056,True
6057,True
6058,True
6059,True
6060,True
6061,False
6062,True
6063,False
6064,True
6065,True
6066,True
6067,True
6068,True
6069,True
6070,True
6071,False
6072,False
6073,True
6074,True
6075,True
6076,True
6077,True
6078,True
6079,True
6080,True
6081,True
6082,True
6083,False
6084,True
6085,True
6086,True
6087,True
6088,True
6089,True
6090,True
6091,True
6092,True
6093,False
6094,True
6095,True
6096,False
6097,False
6098,True
6099,True
6100,False
6101,True
6102,False
6103,True
6104,False
6105,True
6106,False
6107,True
6108,True
6109,True
6110,True
6111,True
6112,True
6113,True
6114,True
6115,True
6116,True
6117,True
6118,False
6119,True
6120,True
6121,True
6122,True
6123,True
6124,True
6125,False
6126,True
6127,True
6128,False
6129,True
6130,True
6131,True
6132,True
6133,True
6134,True
6135,True
6136,True
6137,True
6138,True
6139,True
6140,False
6141,True
6142,True
6143,True
6144,True
6145,True
6146,False
6147,False
6148,True
6149,True
6150,True
6151,True
6152,True
6153,True
6154,True
6155,True
6156,True
6157,True
6158,True
6159,True
6160,True
6161,True
6162,True
6163,True
6164,False
6165,False
6166,True
6167,True
6168,True
6169,True
6170,True
6171,False
6172,True
6173,True
6174,True
6175,True
6176,True
6177,True
6178,False
6179,True
6180,True
6181,True
6182,True
6183,True
6184,True
6185,True
6186,True
6187,True
6188,True
6189,True
6190,True
6191,True
6192,True
6193,False
6194,True
6195,True
6196,True
6197,True
6198,True
6199,True
6200,True
6201,True
6202,True
6203,True
6204,False
6205,False
6206,True
6207,True
6208,True
6209,True
6210,True
6211,False
6212,True
6213,True
6214,True
6215,True
6216,True
6217,True
6218,True
6219,True
6220,True
6221,True
6222,True
6223,True
6224,False
6225,True
6226,True
6227,False
6228,True
6229,True
6230,True
6231,True
6232,False
6233,True
6234,True
6235,True
6236,True
6237,True
6238,False
6239,True
6240,True
6241,False
6242,True
6243,True
6244,True
6245,False
6246,True
6247,True
6248,True
6249,True
6250,True
6251,False
6252,False
6253,True
6254,True
6255,True
6256,True
6257,True
6258,True
6259,True
6260,True
6261,True
6262,True
6263,True
6264,True
6265,True
6266,True
6267,True
6268,True
6269,True
6270,True
6271,True
6272,True
6273,True
6274,True
6275,True
6276,False
6277,True
6278,False
6279,False
6280,True
6281,True
6282,False
6283,True
6284,True
6285,False
6286,True
6287,False
6288,True
6289,True
6290,True
6291,True
6292,False
6293,True
6294,True
6295,True
6296,True
6297,False
6298,False
6299,True
6300,True
6301,True
6302,True
6303,True
6304,True
6305,True
6306,True
6307,True
6308,True
6309,False
6310,True
6311,True
6312,False
6313,True
6314,True
6315,True
6316,True
6317,False
6318,True
6319,True
6320,False
6321,True
6322,False
6323,True
6324,True
6325,True
6326,True
6327,True
6328,False
6329,True
6330,True
6331,True
6332,False
6333,True
6334,False
6335,True
6336,True
6337,True
6338,True
6339,True
6340,False
6341,True
6342,True
6343,True
6344,True
6345,True
6346,True
6347,True
6348,True
6349,True
6350,True
6351,True
6352,True
6353,False
6354,True
6355,True
6356,True
6357,True
6358,True
6359,True
6360,True
6361,True
6362,True
6363,True
6364,True
6365,True
6366,True
6367,True
6368,True
6369,True
6370,False
6371,True
6372,True
6373,True
6374,True
6375,True
6376,True
6377,True
6378,True
6379,True
6380,True
6381,True
6382,True
6383,True
6384,False
6385,True
6386,True
6387,False
6388,False
6389,True
6390,True
6391,False
6392,True
6393,True
6394,False
6395,True
6396,True
6397,True
6398,True
6399,True
6400,True
6401,True
6402,True
6403,True
6404,False
6405,True
6406,True
6407,True
6408,True
6409,True
6410,True
6411,False
6412,False
6413,True
6414,True
6415,True
6416,True
6417,True
6418,True
6419,False
6420,True
6421,True
6422,True
6423,True
6424,True
6425,False
6426,True
6427,True
6428,False
6429,True
6430,True
6431,True
6432,True
6433,False
6434,True
6435,True
6436,True
6437,False
6438,True
6439,True
6440,True
6441,False
6442,True
6443,True
6444,True
6445,True
6446,True
6447,True
6448,True
6449,True
6450,True
6451,True
6452,True
6453,True
6454,True
6455,True
6456,True
6457,False
6458,True
6459,True
6460,True
6461,True
6462,True
6463,False
6464,True
6465,True
6466,True
6467,True
6468,True
6469,True
6470,True
6471,True
6472,True
6473,False
6474,True
6475,True
6476,True
6477,True
6478,False
6479,True
6480,False
6481,True
6482,True
6483,True
6484,True
6485,True
6486,False
6487,True
6488,True
6489,False
6490,True
6491,True
6492,True
6493,True
6494,True
6495,True
6496,True
6497,True
6498,True
6499,True
6500,True
6501,True
6502,True
6503,True
6504,True
6505,True
6506,False
6507,False
6508,False
6509,True
6510,True
6511,False
6512,True
6513,True
6514,True
6515,True
6516,True
6517,False
6518,False
6519,True
6520,True
6521,True
6522,True
6523,True
6524,True
6525,True
6526,True
6527,True
6528,True
6529,False
6530,True
6531,True
6532,False
6533,True
6534,True
6535,True
6536,False
6537,True
6538,False
6539,False
6540,True
6541,True
6542,False
6543,True
6544,False
6545,True
6546,True
6547,True
6548,True
6549,True
6550,True
6551,False
6552,True
6553,True
6554,True
6555,True
6556,False
6557,True
6558,True
6559,False
6560,True
6561,True
6562,True
6563,True
6564,True
6565,True
6566,True
6567,True
6568,True
6569,True
6570,True
6571,True
6572,False
6573,True
6574,True
6575,True
6576,False
6577,True
6578,True
6579,True
6580,False
6581,True
6582,True
6583,True
6584,True
6585,True
6586,True
6587,False
6588,True
6589,True
6590,True
6591,True
6592,True
6593,True
6594,True
6595,True
6596,True
6597,True
6598,True
6599,True
6600,True
6601,True
6602,False
6603,False
6604,False
6605,True
6606,True
6607,True
6608,False
6609,True
6610,True
6611,True
6612,True
6613,True
6614,True
6615,True
6616,True
6617,True
6618,True
6619,False
6620,False
6621,False
6622,True
6623,False
6624,True
6625,False
6626,True
6627,True
6628,True
6629,True
6630,True
6631,True
6632,False
6633,True
6634,True
6635,True
6636,False
6637,True
6638,True
6639,True
6640,True
6641,False
6642,False
6643,True
6644,True
6645,True
6646,True
6647,True
6648,True
6649,True
6650,False
6651,True
6652,True
6653,True
6654,True
6655,True
6656,True
6657,True
6658,False
6659,True
6660,True
6661,True
6662,True
6663,True
6664,True
6665,True
6666,True
6667,True
6668,True
6669,True
6670,True
6671,True
6672,True
6673,True
6674,True
6675,True
6676,True
6677,True
6678,True
6679,True
6680,False
6681,True
6682,True
6683,False
6684,True
6685,True
6686,True
6687,True
6688,True
6689,True
6690,True
6691,True
6692,True
6693,False
6694,True
6695,True
6696,True
6697,True
6698,False
6699,False
6700,True
6701,True
6702,True
6703,True
6704,False
6705,True
6706,False
6707,True
6708,True
6709,True
6710,True
6711,True
6712,True
6713,True
6714,False
6715,True
6716,True
6717,True
6718,False
6719,True
6720,True
6721,True
6722,True
6723,True
6724,True
6725,True
6726,True
6727,False
6728,False
6729,True
6730,True
6731,True
6732,True
6733,True
6734,False
6735,True
6736,False
6737,True
6738,True
6739,False
6740,True
6741,True
6742,True
6743,True
6744,False
6745,True
6746,True
6747,True
6748,True
6749,True
6750,True
6751,True
6752,True
6753,True
6754,True
6755,True
6756,True
6757,False
6758,True
6759,True
6760,True
6761,True
6762,False
6763,False
6764,True
6765,True
6766,False
6767,False
6768,True
6769,True
6770,True
6771,True
6772,True
6773,True
6774,True
6775,True
6776,True
6777,True
6778,True
6779,True
6780,True
6781,True
6782,True
6783,True
6784,True
6785,True
6786,True
6787,False
6788,True
6789,False
6790,False
6791,True
6792,False
6793,True
6794,False
6795,True
6796,True
6797,True
6798,True
6799,True
6800,True
6801,True
6802,True
6803,True
6804,True
6805,False
6806,True
6807,False
6808,False
6809,True
6810,True
6811,True
6812,True
6813,True
6814,True
6815,True
6816,True
6817,False
6818,True
6819,True
6820,True
6821,True
6822,False
6823,True
6824,True
6825,True
6826,False
6827,True
6828,True
6829,True
6830,True
6831,True
6832,True
6833,True
6834,True
6835,True
6836,True
6837,True
6838,True
6839,True
6840,False
6841,True
6842,True
6843,True
6844,False
6845,False
6846,False
6847,True
6848,True
6849,True
6850,False
6851,True
6852,True
6853,False
6854,True
6855,True
6856,True
6857,True
6858,True
6859,True
6860,True
6861,True
6862,True
6863,True
6864,False
6865,True
6866,False
6867,True
6868,True
6869,True
6870,True
6871,True
6872,True
6873,True
6874,True
6875,False
6876,True
6877,True
6878,False
6879,False
6880,True
6881,True
6882,True
6883,False
6884,True
6885,True
6886,True
6887,False
6888,False
6889,True
6890,True
6891,True
6892,True
6893,True
6894,True
6895,True
6896,True
6897,True
6898,True
6899,True
6900,False
6901,True
6902,False
6903,True
6904,True
6905,True
6906,True
6907,False
6908,True
6909,False
6910,True
6911,True
6912,True
6913,True
6914,True
6915,True
6916,True
6917,True
6918,True
6919,True
6920,True
6921,True
6922,True
6923,True
6924,True
6925,True
6926,True
6927,True
6928,True
6929,True
6930,True
6931,True
6932,False
6933,True
6934,True
6935,True
6936,True
6937,True
6938,False
6939,True
6940,True
6941,True
6942,True
6943,True
6944,True
6945,False
6946,True
6947,True
6948,True
6949,True
6950,True
6951,True
6952,False
6953,True
6954,True
6955,False
6956,True
6957,True
6958,True
6959,True
6960,True
6961,False
6962,False
6963,True
6964,False
6965,False
6966,True
6967,True
6968,True
6969,True
6970,True
6971,True
6972,False
6973,True
6974,True
6975,True
6976,True
6977,True
6978,True
6979,False
6980,True
6981,True
6982,False
6983,True
6984,True
6985,True
6986,True
6987,True
6988,True
6989,True
6990,True
6991,True
6992,True
6993,False
6994,False
6995,True
6996,True
6997,True
6998,False
6999,True
7000,True
7001,False
7002,False
7003,True
7004,True
7005,True
7006,True
7007,True
7008,True
7009,True
7010,True
7011,True
7012,True
7013,True
7014,True
7015,True
7016,True
7017,True
7018,False
7019,False
7020,False
7021,False
7022,True
7023,True
7024,True
7025,True
7026,True
7027,False
7028,False
7029,True
7030,True
7031,False
7032,False
7033,True
7034,True
7035,False
7036,True
7037,True
7038,True
7039,True
7040,False
7041,True
7042,True
7043,True
7044,True
7045,True
7046,False
7047,True
7048,True
7049,False
7050,True
7051,True
7052,True
7053,True
7054,False
7055,True
7056,True
7057,True
7058,True
7059,False
7060,False
7061,False
7062,True
7063,True
7064,False
7065,False
7066,False
7067,True
7068,True
7069,True
7070,True
7071,True
7072,True
7073,True
7074,True
7075,True
7076,True
7077,True
7078,True
7079,True
7080,False
7081,True
7082,True
7083,True
7084,True
7085,True
7086,True
7087,False
7088,True
7089,True
7090,True
7091,True
7092,True
7093,True
7094,True
7095,True
7096,True
7097,True
7098,True
7099,True
7100,True
7101,True
7102,True
7103,True
7104,False
7105,True
7106,True
7107,True
7108,True
7109,False
7110,True
7111,True
7112,False
7113,False
7114,True
7115,True
7116,True
7117,False
7118,False
7119,False
7120,True
7121,False
7122,True
7123,True
7124,True
7125,True
7126,True
7127,True
7128,True
7129,False
7130,True
7131,True
7132,True
7133,True
7134,True
7135,True
7136,True
7137,True
7138,True
7139,True
7140,True
7141,True
7142,True
7143,False
7144,True
7145,True
7146,True
7147,True
7148,True
7149,False
7150,False
7151,True
7152,True
7153,True
7154,False
7155,True
7156,True
7157,False
7158,True
7159,True
7160,True
7161,True
7162,True
7163,True
7164,True
7165,True
7166,True
7167,False
7168,True
7169,True
7170,True
7171,True
7172,True
7173,True
7174,True
7175,False
7176,True
7177,False
7178,True
7179,True
7180,False
7181,True
7182,True
7183,True
7184,False
7185,True
7186,True
7187,True
7188,True
7189,False
7190,True
7191,True
7192,True
7193,True
7194,False
7195,False
7196,True
7197,True
7198,True
7199,True
7200,False
7201,True
7202,False
7203,True
7204,True
7205,False
7206,True
7207,True
7208,True
7209,False
7210,True
7211,True
7212,True
7213,False
7214,True
7215,True
7216,True
7217,True
7218,True
7219,True
7220,True
7221,True
7222,True
7223,True
7224,True
7225,True
7226,True
7227,True
7228,True
7229,True
7230,True
7231,False
7232,False
7233,True
7234,True
7235,True
7236,True
7237,True
7238,True
7239,True
7240,False
7241,False
7242,True
7243,True
7244,True
7245,True
7246,False
7247,True
7248,True
7249,True
7250,True
7251,True
7252,True
7253,False
7254,True
7255,True
7256,False
7257,True
7258,True
7259,True
7260,True
7261,True
7262,False
7263,False
7264,True
7265,True
7266,True
7267,True
7268,True
7269,False
7270,True
7271,False
7272,True
7273,False
7274,True
7275,True
7276,True
7277,False
7278,True
7279,True
7280,True
7281,True
7282,False
7283,True
7284,False
7285,True
7286,False
7287,True
7288,True
7289,False
7290,True
7291,True
7292,False
7293,True
7294,True
7295,True
7296,True
7297,True
7298,True
7299,True
7300,True
7301,True
7302,True
7303,True
7304,True
7305,True
7306,True
7307,True
7308,True
7309,True
7310,True
7311,False
7312,True
7313,True
7314,True
7315,True
7316,True
7317,False
7318,False
7319,True
7320,True
7321,True
7322,False
7323,True
7324,True
7325,False
7326,True
7327,False
7328,True
7329,False
7330,True
7331,False
7332,True
7333,True
7334,True
7335,True
7336,True
7337,True
7338,True
7339,True
7340,True
7341,False
7342,False
7343,True
7344,True
7345,True
7346,False
7347,True
7348,False
7349,True
7350,False
7351,False
7352,True
7353,True
7354,True
7355,True
7356,True
7357,False
7358,True
7359,True
7360,True
7361,True
7362,False
7363,True
7364,True
7365,True
7366,True
7367,True
7368,True
7369,True
7370,False
7371,True
7372,True
7373,False
7374,False
7375,True
7376,False
7377,False
7378,True
7379,True
7380,True
7381,True
7382,False
7383,False
7384,True
7385,True
7386,True
7387,True
7388,False
7389,False
7390,True
7391,True
7392,True
7393,True
7394,True
7395,True
7396,True
7397,True
7398,True
7399,False
7400,True
7401,True
7402,True
7403,True
7404,True
7405,True
7406,True
7407,False
7408,True
7409,False
7410,True
7411,True
7412,True
7413,True
7414,True
7415,False
7416,True
7417,True
7418,False
7419,True
7420,True
7421,True
7422,True
7423,True
7424,False
7425,True
7426,True
7427,True
7428,True
7429,True
7430,True
7431,True
7432,True
7433,True
7434,True
7435,True
7436,True
7437,True
7438,True
7439,True
7440,True
7441,True
7442,True
7443,True
7444,False
7445,True
7446,True
7447,True
7448,True
7449,True
7450,True
7451,True
7452,True
7453,True
7454,True
7455,True
7456,True
7457,True
7458,True
7459,True
7460,False
7461,True
7462,True
7463,True
7464,True
7465,True
7466,True
7467,False
7468,False
7469,False
7470,True
7471,True
7472,True
7473,True
7474,True
7475,False
7476,True
7477,True
7478,True
7479,True
7480,False
7481,True
7482,True
7483,True
7484,True
7485,True
7486,True
7487,True
7488,True
7489,True
7490,True
7491,True
7492,True
7493,True
7494,True
7495,True
7496,True
7497,True
7498,True
7499,True
7500,True
7501,True
7502,True
7503,False
7504,True
7505,True
7506,True
7507,False
7508,True
7509,False
7510,True
7511,False
7512,True
7513,True
7514,False
7515,True
7516,False
7517,True
7518,True
7519,True
7520,True
7521,True
7522,True
7523,True
7524,True
7525,False
7526,True
7527,False
7528,True
7529,True
7530,True
7531,True
7532,True
7533,True
7534,False
7535,True
7536,True
7537,True
7538,False
7539,True
7540,False
7541,True
7542,True
7543,True
7544,False
7545,True
7546,True
7547,True
7548,True
7549,True
7550,True
7551,False
7552,True
7553,True
7554,False
7555,True
7556,True
7557,True
7558,True
7559,True
7560,False
7561,True
7562,True
7563,False
7564,True
7565,True
7566,True
7567,True
7568,True
7569,True
7570,False
7571,True
7572,False
7573,False
7574,True
7575,True
7576,True
7577,True
7578,True
7579,True
7580,False
7581,True
7582,True
7583,False
7584,True
7585,True
7586,True
7587,False
7588,True
7589,False
7590,True
7591,True
7592,True
7593,True
7594,False
7595,False
7596,True
7597,True
7598,True
7599,True
7600,True
7601,True
7602,False
7603,True
7604,False
7605,False
7606,True
7607,False
7608,False
7609,False
7610,True
7611,True
7612,True
7613,True
7614,True
7615,False
7616,True
7617,True
7618,True
7619,False
7620,True
7621,True
7622,True
7623,True
7624,False
7625,False
7626,True
7627,True
7628,True
7629,False
7630,False
7631,True
7632,False
7633,True
7634,True
7635,True
7636,False
7637,True
7638,True
7639,True
7640,True
7641,False
7642,True
7643,True
7644,True
7645,False
7646,False
7647,True
7648,True
7649,True
7650,True
7651,True
7652,True
7653,False
7654,True
7655,False
7656,True
7657,True
7658,True
7659,False
7660,True
7661,False
7662,True
7663,True
7664,True
7665,True
7666,True
7667,True
7668,True
7669,False
7670,True
7671,True
7672,True
7673,True
7674,True
7675,True
7676,True
7677,False
7678,True
7679,False
7680,True
7681,True
7682,True
7683,False
7684,True
7685,True
7686,False
7687,True
7688,True
7689,True
7690,False
7691,True
7692,True
7693,False
7694,False
7695,True
7696,True
7697,True
7698,True
7699,True
7700,True
7701,True
7702,True
7703,True
7704,True
7705,True
7706,True
7707,True
7708,True
7709,True
7710,True
7711,True
7712,True
7713,True
7714,False
7715,True
7716,True
7717,True
7718,True
7719,True
7720,True
7721,True
7722,True
7723,False
7724,True
7725,True
7726,True
7727,True
7728,True
7729,True
7730,False
7731,True
7732,True
7733,False
7734,True
7735,True
7736,False
7737,True
7738,False
7739,True
7740,True
7741,True
7742,False
7743,True
7744,True
7745,True
7746,True
7747,True
7748,True
7749,True
7750,True
7751,True
7752,True
7753,True
7754,True
7755,False
7756,False
7757,True
7758,True
7759,True
7760,True
7761,True
7762,False
7763,False
7764,True
7765,True
7766,True
7767,False
7768,True
7769,True
7770,True
7771,True
7772,True
7773,True
7774,True
7775,False
7776,False
7777,True
7778,False
7779,True
7780,False
7781,True
7782,False
7783,True
7784,True
7785,True
7786,True
7787,False
7788,True
7789,True
7790,True
7791,True
7792,True
7793,True
7794,True
7795,True
7796,True
7797,True
7798,True
7799,True
7800,False
7801,True
7802,True
7803,True
7804,True
7805,True
7806,True
7807,True
7808,True
7809,True
7810,True
7811,True
7812,True
7813,True
7814,True
7815,True
7816,False
7817,True
7818,True
7819,False
7820,True
7821,True
7822,True
7823,True
7824,True
7825,False
7826,False
7827,True
7828,False
7829,True
7830,True
7831,True
7832,False
7833,True
7834,True
7835,True
7836,True
7837,True
7838,True
7839,True
7840,True
7841,False
7842,True
7843,True
7844,False
7845,True
7846,True
7847,True
7848,True
7849,True
7850,True
7851,True
7852,True
7853,False
7854,True
7855,True
7856,False
7857,True
7858,False
7859,True
7860,True
7861,True
7862,True
7863,True
7864,True
7865,True
7866,True
7867,True
7868,True
7869,True
7870,True
7871,True
7872,False
7873,True
7874,False
7875,True
7876,True
7877,True
7878,False
7879,True
7880,True
7881,True
7882,True
7883,True
7884,True
7885,True
7886,True
7887,True
7888,False
7889,True
7890,False
7891,True
7892,False
7893,False
7894,True
7895,True
7896,False
7897,True
7898,True
7899,True
7900,True
7901,True
7902,True
7903,False
7904,True
7905,False
7906,True
7907,True
7908,True
7909,True
7910,True
7911,True
7912,True
7913,True
7914,True
7915,True
7916,True
7917,True
7918,False
7919,True
7920,False
7921,True
7922,True
7923,True
7924,True
7925,False
7926,True
7927,True
7928,True
7929,True
7930,False
7931,True
7932,True
7933,False
7934,True
7935,True
7936,False
7937,True
7938,True
7939,True
7940,True
7941,False
7942,True
7943,False
7944,False
7945,True
7946,True
7947,True
7948,True
7949,True
7950,False
7951,True
7952,True
7953,True
7954,True
7955,True
7956,True
7957,True
7958,True
7959,True
7960,False
7961,True
7962,True
7963,True
7964,False
7965,True
7966,True
7967,True
7968,False
7969,False
7970,True
7971,True
7972,False
7973,True
7974,True
7975,True
7976,True
7977,True
7978,True
7979,True
7980,True
7981,True
7982,False
7983,True
7984,False
7985,False
7986,True
7987,True
7988,True
7989,True
7990,True
7991,True
7992,True
7993,True
7994,True
7995,False
7996,True
7997,True
7998,False
7999,False
8000,False
8001,True
8002,True
8003,True
8004,True
8005,True
8006,True
8007,True
8008,True
8009,True
8010,True
8011,True
8012,True
8013,True
8014,False
8015,True
8016,True
8017,True
8018,True
8019,True
8020,False
8021,True
8022,True
8023,True
8024,True
8025,True
8026,True
8027,True
8028,True
8029,True
8030,True
8031,False
8032,False
8033,True
8034,True
8035,True
8036,True
8037,True
8038,True
8039,True
8040,True
8041,False
8042,True
8043,False
8044,True
8045,True
8046,False
8047,False
8048,True
8049,True
8050,False
8051,True
8052,True
8053,True
8054,True
8055,True
8056,False
8057,False
8058,False
8059,True
8060,True
8061,False
8062,True
8063,True
8064,False
8065,True
8066,True
8067,True
8068,True
8069,False
8070,True
8071,False
8072,True
8073,True
8074,False
8075,True
8076,True
8077,True
8078,True
8079,False
8080,True
8081,True
8082,True
8083,False
8084,True
8085,True
8086,True
8087,True
8088,True
8089,True
8090,True
8091,True
8092,True
8093,False
8094,True
8095,True
8096,True
8097,True
8098,True
8099,True
8100,False
8101,False
8102,True
8103,True
8104,True
8105,False
8106,True
8107,True
8108,True
8109,True
8110,True
8111,True
8112,False
8113,True
8114,True
8115,True
8116,True
8117,False
8118,False
8119,True
8120,False
8121,False
8122,True
8123,True
8124,True
8125,True
8126,False
8127,True
8128,True
8129,True
8130,True
8131,True
8132,True
8133,True
8134,True
8135,False
8136,True
8137,False
8138,True
8139,True
8140,True
8141,True
8142,True
8143,True
8144,True
8145,True
8146,True
8147,True
8148,True
8149,False
8150,True
8151,True
8152,True
8153,True
8154,True
8155,True
8156,True
8157,True
8158,True
8159,True
8160,True
8161,True
8162,True
8163,True
8164,False
8165,False
8166,True
8167,True
8168,True
8169,True
8170,True
8171,True
8172,True
8173,True
8174,True
8175,True
8176,True
8177,True
8178,True
8179,True
8180,True
8181,True
8182,True
8183,True
8184,True
8185,True
8186,True
8187,False
8188,True
8189,True
8190,True
8191,False
8192,True
8193,False
8194,True
8195,False
8196,False
8197,True
8198,True
8199,False
8200,True
8201,False
8202,True
8203,True
8204,True
8205,True
8206,True
8207,True
8208,True
8209,False
8210,False
8211,True
8212,True
8213,False
8214,False
8215,True
8216,True
8217,True
8218,True
8219,True
8220,True
8221,False
8222,False
8223,True
8224,True
8225,True
8226,False
8227,True
8228,True
8229,True
8230,False
8231,False
8232,False
8233,True
8234,True
8235,True
8236,True
8237,True
8238,True
8239,True
8240,False
8241,False
8242,True
8243,False
8244,True
8245,False
8246,True
8247,True
8248,True
8249,True
8250,True
8251,True
8252,True
8253,True
8254,True
8255,True
8256,True
8257,True
8258,True
8259,False
8260,True
8261,False
8262,True
8263,True
8264,True
8265,True
8266,True
8267,True
8268,False
8269,True
8270,True
8271,True
8272,True
8273,True
8274,True
8275,False
8276,False
8277,True
8278,False
8279,True
8280,True
8281,False
8282,True
8283,True
8284,False
8285,True
8286,True
8287,True
8288,True
8289,True
8290,True
8291,True
8292,True
8293,True
8294,True
8295,True
8296,True
8297,True
8298,True
8299,False
8300,True
8301,False
8302,True
8303,True
8304,True
8305,True
8306,True
8307,True
8308,True
8309,True
8310,False
8311,True
8312,True
8313,True
8314,True
8315,True
8316,True
8317,True
8318,True
8319,True
8320,True
8321,False
8322,True
8323,True
8324,True
8325,True
8326,True
8327,True
8328,True
8329,True
8330,True
8331,True
8332,True
8333,False
8334,False
8335,True
8336,True
8337,True
8338,True
8339,True
8340,True
8341,False
8342,True
8343,True
8344,True
8345,False
8346,True
8347,True
8348,False
8349,False
8350,True
8351,True
8352,True
8353,True
8354,True
8355,True
8356,False
8357,True
8358,True
8359,True
8360,True
8361,True
8362,False
8363,True
8364,True
8365,False
8366,True
8367,False
8368,True
8369,True
8370,True
8371,False
8372,False
8373,True
8374,True
8375,True
8376,True
8377,True
8378,True
8379,True
8380,True
8381,False
8382,True
8383,True
8384,True
8385,False
8386,True
8387,True
8388,True
8389,True
8390,False
8391,True
8392,True
8393,True
8394,True
8395,True
8396,True
8397,True
8398,True
8399,False
8400,True
8401,True
8402,True
8403,True
8404,False
8405,True
8406,True
8407,True
8408,True
8409,False
8410,True
8411,True
8412,False
8413,True
8414,True
8415,True
8416,True
8417,True
8418,True
8419,True
8420,True
8421,True
8422,True
8423,True
8424,True
8425,True
8426,True
8427,True
8428,True
8429,True
8430,True
8431,True
8432,True
8433,False
8434,True
8435,True
8436,True
8437,False
8438,True
8439,True
8440,True
8441,True
8442,True
8443,True
8444,True
8445,False
8446,True
8447,True
8448,True
8449,False
8450,True
8451,True
8452,False
8453,True
8454,False
8455,False
8456,False
8457,False
8458,True
8459,True
8460,True
8461,False
8462,True
8463,True
8464,True
8465,True
8466,True
8467,True
8468,True
8469,True
8470,True
8471,True
8472,True
8473,False
8474,True
8475,True
8476,True
8477,True
8478,True
8479,True
8480,True
8481,True
8482,True
8483,False
8484,False
8485,True
8486,True
8487,True
8488,True
8489,False
8490,False
8491,True
8492,True
8493,True
8494,True
8495,True
8496,True
8497,True
8498,True
8499,False
8500,True
8501,False
8502,False
8503,False
8504,True
8505,True
8506,True
8507,True
8508,True
8509,True
8510,False
8511,True
8512,True
8513,True
8514,False
8515,True
8516,False
8517,True
8518,False
8519,True
8520,True
8521,True
8522,True
8523,False
8524,False
8525,False
8526,True
8527,True
8528,False
8529,True
8530,True
8531,True
8532,False
8533,True
8534,True
8535,True
8536,True
8537,True
8538,True
8539,True
8540,False
8541,True
8542,True
8543,True
8544,True
8545,False
8546,True
8547,True
8548,True
8549,True
8550,True
8551,True
8552,True
8553,False
8554,True
8555,False
8556,False
8557,False
8558,True
8559,True
8560,True
8561,True
8562,True
8563,True
8564,True
8565,True
8566,True
8567,True
8568,True
8569,True
8570,True
8571,True
8572,True
8573,True
8574,True
8575,True
8576,True
8577,True
8578,True
8579,True
8580,True
8581,True
8582,True
8583,True
8584,True
8585,True
8586,True
8587,True
8588,True
8589,True
8590,True
8591,True
8592,True
8593,True
8594,False
8595,True
8596,True
8597,True
8598,True
8599,True
8600,True
8601,True
8602,True
8603,True
8604,True
8605,True
8606,True
8607,False
8608,False
8609,True
8610,True
8611,True
8612,True
8613,True
8614,False
8615,True
8616,False
8617,True
8618,True
8619,True
8620,False
8621,True
8622,True
8623,True
8624,True
8625,True
8626,True
8627,True
8628,True
8629,False
8630,True
8631,True
8632,True
8633,False
8634,True
8635,True
8636,True
8637,True
8638,True
8639,False
8640,False
8641,False
8642,True
8643,True
8644,True
8645,False
8646,True
8647,True
8648,True
8649,True
8650,True
8651,True
8652,True
8653,True
8654,True
8655,True
8656,True
8657,True
8658,True
8659,True
8660,True
8661,False
8662,True
8663,True
8664,True
8665,False
8666,True
8667,True
8668,True
8669,False
8670,True
8671,True
8672,True
8673,True
8674,True
8675,True
8676,True
8677,True
8678,True
8679,False
8680,True
8681,True
8682,True
8683,True
8684,True
8685,True
8686,False
8687,True
8688,True
8689,False
8690,True
8691,True
8692,True
8693,True
8694,True
8695,True
8696,True
8697,True
8698,True
8699,True
8700,True
8701,False
8702,True
8703,False
8704,True
8705,True
8706,True
8707,True
8708,True
8709,False
8710,True
8711,True
8712,True
8713,True
8714,True
8715,True
8716,True
8717,True
8718,True
8719,True
8720,False
8721,True
8722,True
8723,False
8724,False
8725,True
8726,True
8727,True
8728,True
8729,True
8730,False
8731,True
8732,True
8733,True
8734,True
8735,False
8736,True
8737,True
8738,False
8739,True
8740,True
8741,True
8742,True
8743,True
8744,True
8745,True
8746,False
8747,True
8748,True
8749,True
8750,True
8751,True
8752,True
8753,True
8754,True
8755,True
8756,True
8757,True
8758,True
8759,True
8760,True
8761,False
8762,False
8763,True
8764,True
8765,True
8766,True
8767,True
8768,True
8769,True
8770,True
8771,False
8772,True
8773,False
8774,True
8775,True
8776,False
8777,True
8778,True
8779,False
8780,True
8781,True
8782,True
8783,True
8784,False
8785,True
8786,True
8787,True
8788,False
8789,True
8790,True
8791,True
8792,True
8793,True
8794,True
8795,True
8796,True
8797,True
8798,False
8799,True
8800,True
8801,True
8802,False
8803,True
8804,True
8805,True
8806,False
8807,True
8808,True
8809,True
8810,True
8811,True
8812,False
8813,True
8814,False
8815,True
8816,False
8817,False
8818,True
8819,True
8820,True
8821,True
8822,True
8823,True
8824,False
8825,True
8826,True
8827,True
8828,True
8829,True
8830,True
8831,True
8832,True
8833,True
8834,True
8835,False
8836,True
8837,True
8838,False
8839,True
8840,False
8841,True
8842,False
8843,True
8844,True
8845,True
8846,False
8847,True
8848,True
8849,True
8850,False
8851,True
8852,True
8853,True
8854,True
8855,False
8856,True
8857,True
8858,True
8859,True
8860,True
8861,True
8862,False
8863,True
8864,True
8865,True
8866,False
8867,True
8868,True
8869,True
8870,True
8871,False
8872,True
8873,True
8874,True
8875,True
8876,False
8877,False
8878,False
8879,True
8880,True
8881,True
8882,True
8883,True
8884,False
8885,False
8886,True
8887,True
8888,True
8889,True
8890,True
8891,True
8892,False
8893,True
8894,False
8895,True
8896,False
8897,True
8898,True
8899,True
8900,False
8901,True
8902,False
8903,True
8904,True
8905,True
8906,True
8907,True
8908,True
8909,True
8910,True
8911,True
8912,True
8913,True
8914,True
8915,True
8916,False
8917,False
8918,True
8919,True
8920,True
8921,True
8922,True
8923,True
8924,True
8925,False
8926,False
8927,True
8928,True
8929,True
8930,True
8931,True
8932,True
8933,True
8934,True
8935,True
8936,True
8937,True
8938,False
8939,True
8940,True
8941,True
8942,True
8943,True
8944,True
8945,True
8946,True
8947,True
8948,True
8949,True
8950,True
8951,True
8952,True
8953,False
8954,False
8955,True
8956,True
8957,True
8958,True
8959,True
8960,True
8961,True
8962,True
8963,True
8964,False
8965,True
8966,False
8967,True
8968,True
8969,True
8970,True
8971,True
8972,True
8973,True
8974,True
8975,True
8976,False
8977,False
8978,False
8979,False
8980,False
8981,False
8982,True
8983,False
8984,False
8985,True
8986,False
8987,True
8988,False
8989,True
8990,False
8991,True
8992,True
8993,True
8994,True
8995,True
8996,True
8997,True
8998,True
8999,True
9000,False
9001,True
9002,True
9003,True
9004,False
9005,True
9006,True
9007,True
9008,True
9009,True
9010,False
9011,True
9012,True
9013,False
9014,True
9015,True
9016,True
9017,True
9018,True
9019,True
9020,True
9021,True
9022,True
9023,True
9024,True
9025,False
9026,True
9027,True
9028,True
9029,True
9030,True
9031,False
9032,True
9033,True
9034,True
9035,True
9036,True
9037,False
9038,True
9039,True
9040,True
9041,False
9042,True
9043,True
9044,False
9045,True
9046,True
9047,True
9048,True
9049,True
9050,True
9051,True
9052,True
9053,True
9054,True
9055,True
9056,False
9057,True
9058,True
9059,False
9060,True
9061,True
9062,True
9063,False
9064,True
9065,True
9066,True
9067,True
9068,True
9069,True
9070,True
9071,True
9072,True
9073,True
9074,True
9075,True
9076,True
9077,True
9078,True
9079,True
9080,True
9081,True
9082,False
9083,True
9084,True
9085,True
9086,True
9087,True
9088,True
9089,True
9090,False
9091,False
9092,True
9093,True
9094,True
9095,True
9096,True
9097,True
9098,False
9099,False
9100,True
9101,True
9102,True
9103,True
9104,True
9105,False
9106,True
9107,True
9108,False
9109,True
9110,True
9111,False
9112,True
9113,True
9114,False
9115,True
9116,True
9117,True
9118,True
9119,True
9120,True
9121,True
9122,True
9123,True
9124,True
9125,True
9126,False
9127,True
9128,False
9129,True
9130,True
9131,True
9132,True
9133,False
9134,True
9135,True
9136,True
9137,True
9138,True
9139,True
9140,True
9141,True
9142,True
9143,True
9144,True
9145,True
9146,False
9147,True
9148,True
9149,True
9150,True
9151,True
9152,True
9153,True
9154,False
9155,True
9156,False
9157,False
9158,True
9159,False
9160,True
9161,True
9162,True
9163,True
9164,True
9165,True
9166,True
9167,True
9168,True
9169,True
9170,True
9171,True
9172,True
9173,True
9174,False
9175,False
9176,False
9177,True
9178,False
9179,True
9180,True
9181,True
9182,True
9183,False
9184,True
9185,True
9186,True
9187,True
9188,False
9189,True
9190,True
9191,True
9192,True
9193,True
9194,True
9195,True
9196,True
9197,True
9198,True
9199,True
9200,False
9201,True
9202,True
9203,True
9204,True
9205,True
9206,True
9207,True
9208,True
9209,True
9210,True
9211,True
9212,True
9213,True
9214,True
9215,True
9216,True
9217,True
9218,False
9219,True
9220,True
9221,True
9222,True
9223,True
9224,True
9225,True
9226,True
9227,True
9228,True
9229,True
9230,True
9231,True
9232,True
9233,False
9234,True
9235,True
9236,True
9237,True
9238,True
9239,False
9240,True
9241,True
9242,False
9243,True
9244,False
9245,True
9246,False
9247,False
9248,True
9249,True
9250,True
9251,True
9252,True
9253,True
9254,True
9255,True
9256,True
9257,True
9258,True
9259,True
9260,True
9261,False
9262,True
9263,True
9264,True
9265,False
9266,True
9267,True
9268,True
9269,True
9270,False
9271,True
9272,True
9273,True
9274,True
9275,False
9276,True
9277,False
9278,False
9279,True
9280,True
9281,True
9282,False
9283,True
9284,True
9285,True
9286,True
9287,True
9288,False
9289,False
9290,True
9291,True
9292,True
9293,True
9294,True
9295,True
9296,False
9297,True
9298,False
9299,True
9300,True
9301,True
9302,True
9303,True
9304,True
9305,False
9306,True
9307,True
9308,True
9309,True
9310,True
9311,False
9312,True
9313,True
9314,False
9315,False
9316,True
9317,True
9318,True
9319,True
9320,True
9321,False
9322,True
9323,True
9324,False
9325,True
9326,True
9327,True
9328,True
9329,False
9330,True
9331,True
9332,False
9333,True
9334,True
9335,True
9336,False
9337,True
9338,True
9339,True
9340,True
9341,False
9342,False
9343,False
9344,False
9345,True
9346,True
9347,True
9348,True
9349,False
9350,True
9351,True
9352,False
9353,True
9354,True
9355,True
9356,True
9357,True
9358,True
9359,True
9360,False
9361,True
9362,True
9363,True
9364,True
9365,False
9366,True
9367,True
9368,True
9369,True
9370,True
9371,False
9372,False
9373,True
9374,True
9375,True
9376,True
9377,True
9378,False
9379,True
9380,True
9381,True
9382,True
9383,True
9384,False
9385,True
9386,True
9387,True
9388,True
9389,True
9390,True
9391,True
9392,True
9393,False
9394,True
9395,True
9396,True
9397,False
9398,True
9399,True
9400,True
9401,True
9402,True
9403,True
9404,False
9405,True
9406,True
9407,False
9408,False
9409,True
9410,True
9411,True
9412,True
9413,True
9414,True
9415,False
9416,True
9417,True
9418,True
9419,True
9420,True
9421,True
9422,True
9423,True
9424,True
9425,True
9426,True
9427,True
9428,True
9429,False
9430,True
9431,False
9432,False
9433,True
9434,True
9435,True
9436,True
9437,True
9438,True
9439,True
9440,True
9441,True
9442,True
9443,True
9444,True
9445,True
9446,True
9447,True
9448,True
9449,True
9450,True
9451,True
9452,True
9453,True
9454,True
9455,False
9456,True
9457,False
9458,True
9459,True
9460,True
9461,True
9462,True
9463,True
9464,True
9465,False
9466,False
9467,True
9468,True
9469,True
9470,True
9471,False
9472,False
9473,True
9474,True
9475,False
9476,True
9477,True
9478,True
9479,True
9480,True
9481,False
9482,False
9483,False
9484,True
9485,True
9486,True
9487,False
9488,True
9489,True
9490,True
9491,True
9492,True
9493,True
9494,False
9495,False
9496,True
9497,True
9498,True
9499,True
9500,True
9501,True
9502,True
9503,True
9504,True
9505,False
9506,True
9507,True
9508,True
9509,True
9510,True
9511,True
9512,False
9513,True
9514,True
9515,True
9516,True
9517,True
9518,False
9519,True
9520,True
9521,False
9522,True
9523,True
9524,True
9525,False
9526,False
9527,True
9528,False
9529,True
9530,True
9531,True
9532,True
9533,True
9534,True
9535,True
9536,True
9537,False
9538,False
9539,False
9540,True
9541,False
9542,True
9543,False
9544,True
9545,False
9546,True
9547,True
9548,True
9549,False
9550,False
9551,True
9552,True
9553,True
9554,True
9555,True
9556,True
9557,True
9558,False
9559,True
9560,False
9561,True
9562,False
9563,True
9564,True
9565,True
9566,True
9567,True
9568,True
9569,True
9570,True
9571,False
9572,True
9573,True
9574,False
9575,True
9576,True
9577,True
9578,True
9579,True
9580,True
9581,True
9582,True
9583,True
9584,False
9585,True
9586,True
9587,True
9588,False
9589,True
9590,True
9591,True
9592,False
9593,True
9594,False
9595,True
9596,True
9597,False
9598,True
9599,True
9600,False
9601,True
9602,True
9603,False
9604,True
9605,False
9606,True
9607,False
9608,True
9609,True
9610,True
9611,False
9612,False
9613,True
9614,True
9615,False
9616,True
9617,True
9618,True
9619,True
9620,False
9621,True
9622,False
9623,True
9624,False
9625,True
9626,True
9627,True
9628,False
9629,True
9630,False
9631,True
9632,True
9633,False
9634,True
9635,True
9636,True
9637,True
9638,False
9639,False
9640,True
9641,False
9642,True
9643,True
9644,True
9645,True
9646,True
9647,True
9648,True
9649,True
9650,True
9651,False
9652,True
9653,True
9654,True
9655,True
9656,True
9657,True
9658,True
9659,True
9660,False
9661,True
9662,False
9663,True
9664,False
9665,False
9666,True
9667,True
9668,True
9669,True
9670,True
9671,True
9672,True
9673,False
9674,True
9675,True
9676,True
9677,True
9678,True
9679,True
9680,True
9681,True
9682,True
9683,True
9684,True
9685,True
9686,True
9687,False
9688,True
9689,False
9690,True
9691,True
9692,False
9693,True
9694,True
9695,True
9696,True
9697,True
9698,True
9699,True
9700,False
9701,True
9702,True
9703,True
9704,True
9705,True
9706,True
9707,False
9708,True
9709,True
9710,True
9711,True
9712,True
9713,True
9714,True
9715,False
9716,True
9717,True
9718,False
9719,True
9720,True
9721,True
9722,False
9723,True
9724,True
9725,True
9726,True
9727,True
9728,False
9729,True
9730,True
9731,False
9732,False
9733,True
9734,True
9735,True
9736,True
9737,False
9738,True
9739,True
9740,True
9741,True
9742,False
9743,True
9744,False
9745,True
9746,True
9747,True
9748,True
9749,False
9750,False
9751,True
9752,True
9753,True
9754,True
9755,True
9756,True
9757,False
9758,True
9759,True
9760,True
9761,True
9762,True
9763,True
9764,True
9765,False
9766,False
9767,True
9768,True
9769,True
9770,False
9771,True
9772,True
9773,True
9774,True
9775,True
9776,True
9777,False
9778,True
9779,True
9780,True
9781,False
9782,True
9783,True
9784,True
9785,False
9786,True
9787,True
9788,True
9789,True
9790,True
9791,False
9792,False
9793,True
9794,False
9795,True
9796,True
9797,True
9798,True
9799,True
9800,True
9801,True
9802,True
9803,False
9804,True
9805,False
9806,True
9807,True
9808,False
9809,False
9810,True
9811,False
9812,False
9813,True
9814,True
9815,True
9816,True
9817,True
9818,True
9819,True
9820,True
9821,True
9822,True
9823,True
9824,False
9825,True
9826,True
9827,True
9828,False
9829,True
9830,False
9831,True
9832,True
9833,False
9834,True
9835,True
9836,False
9837,True
9838,True
9839,True
9840,True
9841,False
9842,True
9843,True
9844,False
9845,True
9846,False
9847,True
9848,True
9849,True
9850,False
9851,True
9852,True
9853,True
9854,False
9855,True
9856,False
9857,True
9858,True
9859,True
9860,True
9861,True
9862,True
9863,True
9864,True
9865,True
9866,False
9867,True
9868,True
9869,True
9870,True
9871,True
9872,False
9873,True
9874,True
9875,False
9876,True
9877,True
9878,True
9879,True
9880,False
9881,True
9882,True
9883,True
9884,False
9885,False
9886,False
9887,True
9888,True
9889,True
9890,True
9891,True
9892,True
9893,False
9894,True
9895,True
9896,False
9897,True
9898,True
9899,True
9900,True
9901,False
9902,True
9903,True
9904,False
9905,True
9906,True
9907,False
9908,False
9909,True
9910,True
9911,True
9912,True
9913,True
9914,True
9915,True
9916,True
9917,True
9918,False
9919,True
9920,True
9921,True
9922,True
9923,True
9924,True
9925,True
9926,True
9927,False
9928,True
9929,True
9930,True
9931,True
9932,False
9933,True
9934,False
9935,False
9936,False
9937,True
9938,False
9939,True
9940,True
9941,True
9942,True
9943,True
9944,True
9945,True
9946,True
9947,False
9948,True
9949,False
9950,True
9951,True
9952,True
9953,False
9954,True
9955,True
9956,True
9957,True
9958,False
9959,True
9960,True
9961,True
9962,True
9963,True
9964,False
9965,True
9966,True
9967,True
9968,True
9969,True
9970,True
9971,False
9972,False
9973,False
9974,True
9975,False
9976,False
9977,True
9978,True
9979,True
9980,True
9981,False
9982,True
9983,True
9984,True
9985,True
9986,False
9987,True
9988,True
9989,True
9990,True
9991,True
9992,True
9993,True
9994,True
9995,True
9996,True
9997,True
9998,True
9999,True
